iteration,train_loss,test_mse,consensus_error,comm_volume
0,0.0,405.1985927224159,12.771931648254395,836
1,0.0,24121.111070513725,604.2451171875,1672
2,0.0,1595354.8219776154,40159.7890625,2508
3,0.0,107895864.09765625,2924045.25,3344
4,0.0,7144896696.353516,183709904.0,4180
5,0.0,472211770273.1875,12178969600.0,5016
6,0.0,32416330330145.0,843655544832.0,5852
7,0.0,2245947395691008.0,63477007777792.0,6688
8,0.0,1.466073198949376e+17,3889736057880576.0,7524
9,0.0,1.023717334321909e+19,2.7504200905444557e+17,8360
10,0.0,6.702791559297934e+20,1.8117170960841834e+19,9196
11,0.0,5.136915738171014e+22,1.5427765915125924e+21,10032
12,0.0,3.3680036411215714e+24,9.629881350740044e+22,10868
13,0.0,2.4531335175329887e+26,7.180045795475547e+24,11704
14,0.0,1.6670902488496267e+28,4.928954890165052e+26,12540
15,0.0,1.1522363776673685e+30,3.538692573548865e+28,13376
16,0.0,7.8729842505723935e+31,2.3818063069916286e+30,14212
17,0.0,5.246566762578565e+33,1.600769529538647e+32,15048
18,0.0,inf,1.192855377200642e+34,15884
19,0.0,inf,7.907503032175677e+35,16720
20,0.0,inf,inf,17556
21,0.0,inf,inf,18392
22,0.0,inf,inf,19228
23,0.0,inf,inf,20064
24,0.0,inf,inf,20900
25,0.0,inf,inf,21736
26,0.0,inf,inf,22572
27,0.0,inf,inf,23408
28,0.0,inf,inf,24244
29,0.0,inf,inf,25080
30,0.0,inf,inf,25916
31,0.0,inf,inf,26752
32,0.0,inf,inf,27588
33,0.0,inf,inf,28424
34,0.0,inf,inf,29260
35,0.0,inf,inf,30096
36,0.0,inf,inf,30932
37,0.0,inf,inf,31768
38,0.0,inf,inf,32604
39,0.0,inf,inf,33440
40,0.0,,,34276
41,0.0,,,35112
42,0.0,,,35948
43,0.0,,,36784
44,0.0,,,37620
45,0.0,,,38456
46,0.0,,,39292
47,0.0,,,40128
48,0.0,,,40964
49,0.0,,,41800
50,0.0,,,42636
51,0.0,,,43472
52,0.0,,,44308
53,0.0,,,45144
54,0.0,,,45980
55,0.0,,,46816
56,0.0,,,47652
57,0.0,,,48488
58,0.0,,,49324
59,0.0,,,50160
60,0.0,,,50996
61,0.0,,,51832
62,0.0,,,52668
63,0.0,,,53504
64,0.0,,,54340
65,0.0,,,55176
66,0.0,,,56012
67,0.0,,,56848
68,0.0,,,57684
69,0.0,,,58520
70,0.0,,,59356
71,0.0,,,60192
72,0.0,,,61028
73,0.0,,,61864
74,0.0,,,62700
75,0.0,,,63536
76,0.0,,,64372
77,0.0,,,65208
78,0.0,,,66044
79,0.0,,,66880
80,0.0,,,67716
81,0.0,,,68552
82,0.0,,,69388
83,0.0,,,70224
84,0.0,,,71060
85,0.0,,,71896
86,0.0,,,72732
87,0.0,,,73568
88,0.0,,,74404
89,0.0,,,75240
90,0.0,,,76076
91,0.0,,,76912
92,0.0,,,77748
93,0.0,,,78584
94,0.0,,,79420
95,0.0,,,80256
96,0.0,,,81092
97,0.0,,,81928
98,0.0,,,82764
99,0.0,,,83600
100,0.0,,,84436
101,0.0,,,85272
102,0.0,,,86108
103,0.0,,,86944
104,0.0,,,87780
105,0.0,,,88616
106,0.0,,,89452
107,0.0,,,90288
108,0.0,,,91124
109,0.0,,,91960
110,0.0,,,92796
111,0.0,,,93632
112,0.0,,,94468
113,0.0,,,95304
114,0.0,,,96140
115,0.0,,,96976
116,0.0,,,97812
117,0.0,,,98648
118,0.0,,,99484
119,0.0,,,100320
120,0.0,,,101156
121,0.0,,,101992
122,0.0,,,102828
123,0.0,,,103664
124,0.0,,,104500
125,0.0,,,105336
126,0.0,,,106172
127,0.0,,,107008
128,0.0,,,107844
129,0.0,,,108680
130,0.0,,,109516
131,0.0,,,110352
132,0.0,,,111188
133,0.0,,,112024
134,0.0,,,112860
135,0.0,,,113696
136,0.0,,,114532
137,0.0,,,115368
138,0.0,,,116204
139,0.0,,,117040
140,0.0,,,117876
141,0.0,,,118712
142,0.0,,,119548
143,0.0,,,120384
144,0.0,,,121220
145,0.0,,,122056
146,0.0,,,122892
147,0.0,,,123728
148,0.0,,,124564
149,0.0,,,125400
150,0.0,,,126236
151,0.0,,,127072
152,0.0,,,127908
153,0.0,,,128744
154,0.0,,,129580
155,0.0,,,130416
156,0.0,,,131252
157,0.0,,,132088
158,0.0,,,132924
159,0.0,,,133760
160,0.0,,,134596
161,0.0,,,135432
162,0.0,,,136268
163,0.0,,,137104
164,0.0,,,137940
165,0.0,,,138776
166,0.0,,,139612
167,0.0,,,140448
168,0.0,,,141284
169,0.0,,,142120
170,0.0,,,142956
171,0.0,,,143792
172,0.0,,,144628
173,0.0,,,145464
174,0.0,,,146300
175,0.0,,,147136
176,0.0,,,147972
177,0.0,,,148808
178,0.0,,,149644
179,0.0,,,150480
180,0.0,,,151316
181,0.0,,,152152
182,0.0,,,152988
183,0.0,,,153824
184,0.0,,,154660
185,0.0,,,155496
186,0.0,,,156332
187,0.0,,,157168
188,0.0,,,158004
189,0.0,,,158840
190,0.0,,,159676
191,0.0,,,160512
192,0.0,,,161348
193,0.0,,,162184
194,0.0,,,163020
195,0.0,,,163856
196,0.0,,,164692
197,0.0,,,165528
198,0.0,,,166364
199,0.0,,,167200
200,0.0,,,168036
201,0.0,,,168872
202,0.0,,,169708
203,0.0,,,170544
204,0.0,,,171380
205,0.0,,,172216
206,0.0,,,173052
207,0.0,,,173888
208,0.0,,,174724
209,0.0,,,175560
210,0.0,,,176396
211,0.0,,,177232
212,0.0,,,178068
213,0.0,,,178904
214,0.0,,,179740
215,0.0,,,180576
216,0.0,,,181412
217,0.0,,,182248
218,0.0,,,183084
219,0.0,,,183920
220,0.0,,,184756
221,0.0,,,185592
222,0.0,,,186428
223,0.0,,,187264
224,0.0,,,188100
225,0.0,,,188936
226,0.0,,,189772
227,0.0,,,190608
228,0.0,,,191444
229,0.0,,,192280
230,0.0,,,193116
231,0.0,,,193952
232,0.0,,,194788
233,0.0,,,195624
234,0.0,,,196460
235,0.0,,,197296
236,0.0,,,198132
237,0.0,,,198968
238,0.0,,,199804
239,0.0,,,200640
240,0.0,,,201476
241,0.0,,,202312
242,0.0,,,203148
243,0.0,,,203984
244,0.0,,,204820
245,0.0,,,205656
246,0.0,,,206492
247,0.0,,,207328
248,0.0,,,208164
249,0.0,,,209000
250,0.0,,,209836
251,0.0,,,210672
252,0.0,,,211508
253,0.0,,,212344
254,0.0,,,213180
255,0.0,,,214016
256,0.0,,,214852
257,0.0,,,215688
258,0.0,,,216524
259,0.0,,,217360
260,0.0,,,218196
261,0.0,,,219032
262,0.0,,,219868
263,0.0,,,220704
264,0.0,,,221540
265,0.0,,,222376
266,0.0,,,223212
267,0.0,,,224048
268,0.0,,,224884
269,0.0,,,225720
270,0.0,,,226556
271,0.0,,,227392
272,0.0,,,228228
273,0.0,,,229064
274,0.0,,,229900
275,0.0,,,230736
276,0.0,,,231572
277,0.0,,,232408
278,0.0,,,233244
279,0.0,,,234080
280,0.0,,,234916
281,0.0,,,235752
282,0.0,,,236588
283,0.0,,,237424
284,0.0,,,238260
285,0.0,,,239096
286,0.0,,,239932
287,0.0,,,240768
288,0.0,,,241604
289,0.0,,,242440
290,0.0,,,243276
291,0.0,,,244112
292,0.0,,,244948
293,0.0,,,245784
294,0.0,,,246620
295,0.0,,,247456
296,0.0,,,248292
297,0.0,,,249128
298,0.0,,,249964
299,0.0,,,250800
300,0.0,,,251636
301,0.0,,,252472
302,0.0,,,253308
303,0.0,,,254144
304,0.0,,,254980
305,0.0,,,255816
306,0.0,,,256652
307,0.0,,,257488
308,0.0,,,258324
309,0.0,,,259160
310,0.0,,,259996
311,0.0,,,260832
312,0.0,,,261668
313,0.0,,,262504
314,0.0,,,263340
315,0.0,,,264176
316,0.0,,,265012
317,0.0,,,265848
318,0.0,,,266684
319,0.0,,,267520
320,0.0,,,268356
321,0.0,,,269192
322,0.0,,,270028
323,0.0,,,270864
324,0.0,,,271700
325,0.0,,,272536
326,0.0,,,273372
327,0.0,,,274208
328,0.0,,,275044
329,0.0,,,275880
330,0.0,,,276716
331,0.0,,,277552
332,0.0,,,278388
333,0.0,,,279224
334,0.0,,,280060
335,0.0,,,280896
336,0.0,,,281732
337,0.0,,,282568
338,0.0,,,283404
339,0.0,,,284240
340,0.0,,,285076
341,0.0,,,285912
342,0.0,,,286748
343,0.0,,,287584
344,0.0,,,288420
345,0.0,,,289256
346,0.0,,,290092
347,0.0,,,290928
348,0.0,,,291764
349,0.0,,,292600
350,0.0,,,293436
351,0.0,,,294272
352,0.0,,,295108
353,0.0,,,295944
354,0.0,,,296780
355,0.0,,,297616
356,0.0,,,298452
357,0.0,,,299288
358,0.0,,,300124
359,0.0,,,300960
360,0.0,,,301796
361,0.0,,,302632
362,0.0,,,303468
363,0.0,,,304304
364,0.0,,,305140
365,0.0,,,305976
366,0.0,,,306812
367,0.0,,,307648
368,0.0,,,308484
369,0.0,,,309320
370,0.0,,,310156
371,0.0,,,310992
372,0.0,,,311828
373,0.0,,,312664
374,0.0,,,313500
375,0.0,,,314336
376,0.0,,,315172
377,0.0,,,316008
378,0.0,,,316844
379,0.0,,,317680
380,0.0,,,318516
381,0.0,,,319352
382,0.0,,,320188
383,0.0,,,321024
384,0.0,,,321860
385,0.0,,,322696
386,0.0,,,323532
387,0.0,,,324368
388,0.0,,,325204
389,0.0,,,326040
390,0.0,,,326876
391,0.0,,,327712
392,0.0,,,328548
393,0.0,,,329384
394,0.0,,,330220
395,0.0,,,331056
396,0.0,,,331892
397,0.0,,,332728
398,0.0,,,333564
399,0.0,,,334400
400,0.0,,,335236
401,0.0,,,336072
402,0.0,,,336908
403,0.0,,,337744
404,0.0,,,338580
405,0.0,,,339416
406,0.0,,,340252
407,0.0,,,341088
408,0.0,,,341924
409,0.0,,,342760
410,0.0,,,343596
411,0.0,,,344432
412,0.0,,,345268
413,0.0,,,346104
414,0.0,,,346940
415,0.0,,,347776
416,0.0,,,348612
417,0.0,,,349448
418,0.0,,,350284
419,0.0,,,351120
420,0.0,,,351956
421,0.0,,,352792
422,0.0,,,353628
423,0.0,,,354464
424,0.0,,,355300
425,0.0,,,356136
426,0.0,,,356972
427,0.0,,,357808
428,0.0,,,358644
429,0.0,,,359480
430,0.0,,,360316
431,0.0,,,361152
432,0.0,,,361988
433,0.0,,,362824
434,0.0,,,363660
435,0.0,,,364496
436,0.0,,,365332
437,0.0,,,366168
438,0.0,,,367004
439,0.0,,,367840
440,0.0,,,368676
441,0.0,,,369512
442,0.0,,,370348
443,0.0,,,371184
444,0.0,,,372020
445,0.0,,,372856
446,0.0,,,373692
447,0.0,,,374528
448,0.0,,,375364
449,0.0,,,376200
450,0.0,,,377036
451,0.0,,,377872
452,0.0,,,378708
453,0.0,,,379544
454,0.0,,,380380
455,0.0,,,381216
456,0.0,,,382052
457,0.0,,,382888
458,0.0,,,383724
459,0.0,,,384560
460,0.0,,,385396
461,0.0,,,386232
462,0.0,,,387068
463,0.0,,,387904
464,0.0,,,388740
465,0.0,,,389576
466,0.0,,,390412
467,0.0,,,391248
468,0.0,,,392084
469,0.0,,,392920
470,0.0,,,393756
471,0.0,,,394592
472,0.0,,,395428
473,0.0,,,396264
474,0.0,,,397100
475,0.0,,,397936
476,0.0,,,398772
477,0.0,,,399608
478,0.0,,,400444
479,0.0,,,401280
480,0.0,,,402116
481,0.0,,,402952
482,0.0,,,403788
483,0.0,,,404624
484,0.0,,,405460
485,0.0,,,406296
486,0.0,,,407132
487,0.0,,,407968
488,0.0,,,408804
489,0.0,,,409640
490,0.0,,,410476
491,0.0,,,411312
492,0.0,,,412148
493,0.0,,,412984
494,0.0,,,413820
495,0.0,,,414656
496,0.0,,,415492
497,0.0,,,416328
498,0.0,,,417164
499,0.0,,,418000
500,0.0,,,418836
501,0.0,,,419672
502,0.0,,,420508
503,0.0,,,421344
504,0.0,,,422180
505,0.0,,,423016
506,0.0,,,423852
507,0.0,,,424688
508,0.0,,,425524
509,0.0,,,426360
510,0.0,,,427196
511,0.0,,,428032
512,0.0,,,428868
513,0.0,,,429704
514,0.0,,,430540
515,0.0,,,431376
516,0.0,,,432212
517,0.0,,,433048
518,0.0,,,433884
519,0.0,,,434720
520,0.0,,,435556
521,0.0,,,436392
522,0.0,,,437228
523,0.0,,,438064
524,0.0,,,438900
525,0.0,,,439736
526,0.0,,,440572
527,0.0,,,441408
528,0.0,,,442244
529,0.0,,,443080
530,0.0,,,443916
531,0.0,,,444752
532,0.0,,,445588
533,0.0,,,446424
534,0.0,,,447260
535,0.0,,,448096
536,0.0,,,448932
537,0.0,,,449768
538,0.0,,,450604
539,0.0,,,451440
540,0.0,,,452276
541,0.0,,,453112
542,0.0,,,453948
543,0.0,,,454784
544,0.0,,,455620
545,0.0,,,456456
546,0.0,,,457292
547,0.0,,,458128
548,0.0,,,458964
549,0.0,,,459800
550,0.0,,,460636
551,0.0,,,461472
552,0.0,,,462308
553,0.0,,,463144
554,0.0,,,463980
555,0.0,,,464816
556,0.0,,,465652
557,0.0,,,466488
558,0.0,,,467324
559,0.0,,,468160
560,0.0,,,468996
561,0.0,,,469832
562,0.0,,,470668
563,0.0,,,471504
564,0.0,,,472340
565,0.0,,,473176
566,0.0,,,474012
567,0.0,,,474848
568,0.0,,,475684
569,0.0,,,476520
570,0.0,,,477356
571,0.0,,,478192
572,0.0,,,479028
573,0.0,,,479864
574,0.0,,,480700
575,0.0,,,481536
576,0.0,,,482372
577,0.0,,,483208
578,0.0,,,484044
579,0.0,,,484880
580,0.0,,,485716
581,0.0,,,486552
582,0.0,,,487388
583,0.0,,,488224
584,0.0,,,489060
585,0.0,,,489896
586,0.0,,,490732
587,0.0,,,491568
588,0.0,,,492404
589,0.0,,,493240
590,0.0,,,494076
591,0.0,,,494912
592,0.0,,,495748
593,0.0,,,496584
594,0.0,,,497420
595,0.0,,,498256
596,0.0,,,499092
597,0.0,,,499928
598,0.0,,,500764
599,0.0,,,501600
600,0.0,,,502436
601,0.0,,,503272
602,0.0,,,504108
603,0.0,,,504944
604,0.0,,,505780
605,0.0,,,506616
606,0.0,,,507452
607,0.0,,,508288
608,0.0,,,509124
609,0.0,,,509960
610,0.0,,,510796
611,0.0,,,511632
612,0.0,,,512468
613,0.0,,,513304
614,0.0,,,514140
615,0.0,,,514976
616,0.0,,,515812
617,0.0,,,516648
618,0.0,,,517484
619,0.0,,,518320
620,0.0,,,519156
621,0.0,,,519992
622,0.0,,,520828
623,0.0,,,521664
624,0.0,,,522500
625,0.0,,,523336
626,0.0,,,524172
627,0.0,,,525008
628,0.0,,,525844
629,0.0,,,526680
630,0.0,,,527516
631,0.0,,,528352
632,0.0,,,529188
633,0.0,,,530024
634,0.0,,,530860
635,0.0,,,531696
636,0.0,,,532532
637,0.0,,,533368
638,0.0,,,534204
639,0.0,,,535040
640,0.0,,,535876
641,0.0,,,536712
642,0.0,,,537548
643,0.0,,,538384
644,0.0,,,539220
645,0.0,,,540056
646,0.0,,,540892
647,0.0,,,541728
648,0.0,,,542564
649,0.0,,,543400
650,0.0,,,544236
651,0.0,,,545072
652,0.0,,,545908
653,0.0,,,546744
654,0.0,,,547580
655,0.0,,,548416
656,0.0,,,549252
657,0.0,,,550088
658,0.0,,,550924
659,0.0,,,551760
660,0.0,,,552596
661,0.0,,,553432
662,0.0,,,554268
663,0.0,,,555104
664,0.0,,,555940
665,0.0,,,556776
666,0.0,,,557612
667,0.0,,,558448
668,0.0,,,559284
669,0.0,,,560120
670,0.0,,,560956
671,0.0,,,561792
672,0.0,,,562628
673,0.0,,,563464
674,0.0,,,564300
675,0.0,,,565136
676,0.0,,,565972
677,0.0,,,566808
678,0.0,,,567644
679,0.0,,,568480
680,0.0,,,569316
681,0.0,,,570152
682,0.0,,,570988
683,0.0,,,571824
684,0.0,,,572660
685,0.0,,,573496
686,0.0,,,574332
687,0.0,,,575168
688,0.0,,,576004
689,0.0,,,576840
690,0.0,,,577676
691,0.0,,,578512
692,0.0,,,579348
693,0.0,,,580184
694,0.0,,,581020
695,0.0,,,581856
696,0.0,,,582692
697,0.0,,,583528
698,0.0,,,584364
699,0.0,,,585200
700,0.0,,,586036
701,0.0,,,586872
702,0.0,,,587708
703,0.0,,,588544
704,0.0,,,589380
705,0.0,,,590216
706,0.0,,,591052
707,0.0,,,591888
708,0.0,,,592724
709,0.0,,,593560
710,0.0,,,594396
711,0.0,,,595232
712,0.0,,,596068
713,0.0,,,596904
714,0.0,,,597740
715,0.0,,,598576
716,0.0,,,599412
717,0.0,,,600248
718,0.0,,,601084
719,0.0,,,601920
720,0.0,,,602756
721,0.0,,,603592
722,0.0,,,604428
723,0.0,,,605264
724,0.0,,,606100
725,0.0,,,606936
726,0.0,,,607772
727,0.0,,,608608
728,0.0,,,609444
729,0.0,,,610280
730,0.0,,,611116
731,0.0,,,611952
732,0.0,,,612788
733,0.0,,,613624
734,0.0,,,614460
735,0.0,,,615296
736,0.0,,,616132
737,0.0,,,616968
738,0.0,,,617804
739,0.0,,,618640
740,0.0,,,619476
741,0.0,,,620312
742,0.0,,,621148
743,0.0,,,621984
744,0.0,,,622820
745,0.0,,,623656
746,0.0,,,624492
747,0.0,,,625328
748,0.0,,,626164
749,0.0,,,627000
750,0.0,,,627836
751,0.0,,,628672
752,0.0,,,629508
753,0.0,,,630344
754,0.0,,,631180
755,0.0,,,632016
756,0.0,,,632852
757,0.0,,,633688
758,0.0,,,634524
759,0.0,,,635360
760,0.0,,,636196
761,0.0,,,637032
762,0.0,,,637868
763,0.0,,,638704
764,0.0,,,639540
765,0.0,,,640376
766,0.0,,,641212
767,0.0,,,642048
768,0.0,,,642884
769,0.0,,,643720
770,0.0,,,644556
771,0.0,,,645392
772,0.0,,,646228
773,0.0,,,647064
774,0.0,,,647900
775,0.0,,,648736
776,0.0,,,649572
777,0.0,,,650408
778,0.0,,,651244
779,0.0,,,652080
780,0.0,,,652916
781,0.0,,,653752
782,0.0,,,654588
783,0.0,,,655424
784,0.0,,,656260
785,0.0,,,657096
786,0.0,,,657932
787,0.0,,,658768
788,0.0,,,659604
789,0.0,,,660440
790,0.0,,,661276
791,0.0,,,662112
792,0.0,,,662948
793,0.0,,,663784
794,0.0,,,664620
795,0.0,,,665456
796,0.0,,,666292
797,0.0,,,667128
798,0.0,,,667964
799,0.0,,,668800
800,0.0,,,669636
801,0.0,,,670472
802,0.0,,,671308
803,0.0,,,672144
804,0.0,,,672980
805,0.0,,,673816
806,0.0,,,674652
807,0.0,,,675488
808,0.0,,,676324
809,0.0,,,677160
810,0.0,,,677996
811,0.0,,,678832
812,0.0,,,679668
813,0.0,,,680504
814,0.0,,,681340
815,0.0,,,682176
816,0.0,,,683012
817,0.0,,,683848
818,0.0,,,684684
819,0.0,,,685520
820,0.0,,,686356
821,0.0,,,687192
822,0.0,,,688028
823,0.0,,,688864
824,0.0,,,689700
825,0.0,,,690536
826,0.0,,,691372
827,0.0,,,692208
828,0.0,,,693044
829,0.0,,,693880
830,0.0,,,694716
831,0.0,,,695552
832,0.0,,,696388
833,0.0,,,697224
834,0.0,,,698060
835,0.0,,,698896
836,0.0,,,699732
837,0.0,,,700568
838,0.0,,,701404
839,0.0,,,702240
840,0.0,,,703076
841,0.0,,,703912
842,0.0,,,704748
843,0.0,,,705584
844,0.0,,,706420
845,0.0,,,707256
846,0.0,,,708092
847,0.0,,,708928
848,0.0,,,709764
849,0.0,,,710600
850,0.0,,,711436
851,0.0,,,712272
852,0.0,,,713108
853,0.0,,,713944
854,0.0,,,714780
855,0.0,,,715616
856,0.0,,,716452
857,0.0,,,717288
858,0.0,,,718124
859,0.0,,,718960
860,0.0,,,719796
861,0.0,,,720632
862,0.0,,,721468
863,0.0,,,722304
864,0.0,,,723140
865,0.0,,,723976
866,0.0,,,724812
867,0.0,,,725648
868,0.0,,,726484
869,0.0,,,727320
870,0.0,,,728156
871,0.0,,,728992
872,0.0,,,729828
873,0.0,,,730664
874,0.0,,,731500
875,0.0,,,732336
876,0.0,,,733172
877,0.0,,,734008
878,0.0,,,734844
879,0.0,,,735680
880,0.0,,,736516
881,0.0,,,737352
882,0.0,,,738188
883,0.0,,,739024
884,0.0,,,739860
885,0.0,,,740696
886,0.0,,,741532
887,0.0,,,742368
888,0.0,,,743204
889,0.0,,,744040
890,0.0,,,744876
891,0.0,,,745712
892,0.0,,,746548
893,0.0,,,747384
894,0.0,,,748220
895,0.0,,,749056
896,0.0,,,749892
897,0.0,,,750728
898,0.0,,,751564
899,0.0,,,752400
900,0.0,,,753236
901,0.0,,,754072
902,0.0,,,754908
903,0.0,,,755744
904,0.0,,,756580
905,0.0,,,757416
906,0.0,,,758252
907,0.0,,,759088
908,0.0,,,759924
909,0.0,,,760760
910,0.0,,,761596
911,0.0,,,762432
912,0.0,,,763268
913,0.0,,,764104
914,0.0,,,764940
915,0.0,,,765776
916,0.0,,,766612
917,0.0,,,767448
918,0.0,,,768284
919,0.0,,,769120
920,0.0,,,769956
921,0.0,,,770792
922,0.0,,,771628
923,0.0,,,772464
924,0.0,,,773300
925,0.0,,,774136
926,0.0,,,774972
927,0.0,,,775808
928,0.0,,,776644
929,0.0,,,777480
930,0.0,,,778316
931,0.0,,,779152
932,0.0,,,779988
933,0.0,,,780824
934,0.0,,,781660
935,0.0,,,782496
936,0.0,,,783332
937,0.0,,,784168
938,0.0,,,785004
939,0.0,,,785840
940,0.0,,,786676
941,0.0,,,787512
942,0.0,,,788348
943,0.0,,,789184
944,0.0,,,790020
945,0.0,,,790856
946,0.0,,,791692
947,0.0,,,792528
948,0.0,,,793364
949,0.0,,,794200
950,0.0,,,795036
951,0.0,,,795872
952,0.0,,,796708
953,0.0,,,797544
954,0.0,,,798380
955,0.0,,,799216
956,0.0,,,800052
957,0.0,,,800888
958,0.0,,,801724
959,0.0,,,802560
960,0.0,,,803396
961,0.0,,,804232
962,0.0,,,805068
963,0.0,,,805904
964,0.0,,,806740
965,0.0,,,807576
966,0.0,,,808412
967,0.0,,,809248
968,0.0,,,810084
969,0.0,,,810920
970,0.0,,,811756
971,0.0,,,812592
972,0.0,,,813428
973,0.0,,,814264
974,0.0,,,815100
975,0.0,,,815936
976,0.0,,,816772
977,0.0,,,817608
978,0.0,,,818444
979,0.0,,,819280
980,0.0,,,820116
981,0.0,,,820952
982,0.0,,,821788
983,0.0,,,822624
984,0.0,,,823460
985,0.0,,,824296
986,0.0,,,825132
987,0.0,,,825968
988,0.0,,,826804
989,0.0,,,827640
990,0.0,,,828476
991,0.0,,,829312
992,0.0,,,830148
993,0.0,,,830984
994,0.0,,,831820
995,0.0,,,832656
996,0.0,,,833492
997,0.0,,,834328
998,0.0,,,835164
999,0.0,,,836000
