iteration,train_loss,consensus_error,comm_volume,test_acc,test_acc_min,test_acc_max,test_comm_volume
0,0.0,6.8680267333984375,11117750,9.985000000000003,8.5,14.299999999999999,255708250.0
1,0.0,2.730532646179199,22235500,9.985000000000003,8.5,14.299999999999999,255708250.0
2,0.0,1.422302484512329,33353250,9.985000000000003,8.5,14.299999999999999,255708250.0
3,0.0,0.7855356335639954,44471000,9.985000000000003,8.5,14.299999999999999,255708250.0
4,0.0,0.44067665934562683,55588750,9.985000000000003,8.5,14.299999999999999,255708250.0
5,0.0,0.24955503642559052,66706500,9.985000000000003,8.5,14.299999999999999,255708250.0
6,0.0,0.14253385365009308,77824250,9.985000000000003,8.5,14.299999999999999,255708250.0
7,0.0,0.08255811780691147,88942000,9.985000000000003,8.5,14.299999999999999,255708250.0
8,0.0,0.04898452386260033,100059750,9.985000000000003,8.5,14.299999999999999,255708250.0
9,0.0,0.030225900933146477,111177500,9.985000000000003,8.5,14.299999999999999,255708250.0
10,0.0,0.019683925434947014,122295250,9.985000000000003,8.5,14.299999999999999,255708250.0
11,0.0,0.01370568759739399,133413000,9.985000000000003,8.5,14.299999999999999,255708250.0
12,0.0,0.010403801687061787,144530750,9.985000000000003,8.5,14.299999999999999,255708250.0
13,0.0,0.008486165665090084,155648500,9.985000000000003,8.5,14.299999999999999,255708250.0
14,0.0,0.007371495943516493,166766250,9.985000000000003,8.5,14.299999999999999,255708250.0
15,0.0,0.006832328625023365,177884000,9.985000000000003,8.5,14.299999999999999,255708250.0
16,0.0,0.006514796521514654,189001750,9.985000000000003,8.5,14.299999999999999,255708250.0
17,0.0,0.006494787987321615,200119500,9.985000000000003,8.5,14.299999999999999,255708250.0
18,0.0,0.006259937770664692,211237250,9.985000000000003,8.5,14.299999999999999,255708250.0
19,0.0,0.006328641902655363,222355000,9.985000000000003,8.5,14.299999999999999,255708250.0
20,0.0,0.0062787593342363834,233472750,9.985000000000003,8.5,14.299999999999999,255708250.0
21,0.0,0.006147187668830156,244590500,9.985000000000003,8.5,14.299999999999999,255708250.0
22,0.0,0.006255255546420813,255708250,10.23,8.5,15.6,511416500.0
23,0.0,0.006295152939856052,266826000,10.23,8.5,15.6,511416500.0
24,0.0,0.006289535667747259,277943750,10.23,8.5,15.6,511416500.0
25,0.0,0.0062104142270982265,289061500,10.23,8.5,15.6,511416500.0
26,0.0,0.00652660895138979,300179250,10.23,8.5,15.6,511416500.0
27,0.0,0.006526554469019175,311297000,10.23,8.5,15.6,511416500.0
28,0.0,0.006490014493465424,322414750,10.23,8.5,15.6,511416500.0
29,0.0,0.006439761258661747,333532500,10.23,8.5,15.6,511416500.0
30,0.0,0.006566973868757486,344650250,10.23,8.5,15.6,511416500.0
31,0.0,0.006687422748655081,355768000,10.23,8.5,15.6,511416500.0
32,0.0,0.0069790976122021675,366885750,10.23,8.5,15.6,511416500.0
33,0.0,0.006882472429424524,378003500,10.23,8.5,15.6,511416500.0
34,0.0,0.006995334755629301,389121250,10.23,8.5,15.6,511416500.0
35,0.0,0.007167227566242218,400239000,10.23,8.5,15.6,511416500.0
36,0.0,0.007188291288912296,411356750,10.23,8.5,15.6,511416500.0
37,0.0,0.007568029221147299,422474500,10.23,8.5,15.6,511416500.0
38,0.0,0.0076555185951292515,433592250,10.23,8.5,15.6,511416500.0
39,0.0,0.007948359474539757,444710000,10.23,8.5,15.6,511416500.0
40,0.0,0.0080361133441329,455827750,10.23,8.5,15.6,511416500.0
41,0.0,0.00824558176100254,466945500,10.23,8.5,15.6,511416500.0
42,0.0,0.008297990076243877,478063250,10.23,8.5,15.6,511416500.0
43,0.0,0.008609744720160961,489181000,10.23,8.5,15.6,511416500.0
44,0.0,0.009159217588603497,500298750,10.23,8.5,15.6,511416500.0
45,0.0,0.009563825093209743,511416500,10.080000000000002,8.5,12.6,767124750.0
46,0.0,0.010214711539447308,522534250,10.080000000000002,8.5,12.6,767124750.0
47,0.0,0.011037333868443966,533652000,10.080000000000002,8.5,12.6,767124750.0
48,0.0,0.011784383095800877,544769750,10.080000000000002,8.5,12.6,767124750.0
49,0.0,0.013115881942212582,555887500,10.080000000000002,8.5,12.6,767124750.0
50,0.0,0.014767266809940338,567005250,10.080000000000002,8.5,12.6,767124750.0
51,0.0,0.015981199219822884,578123000,10.080000000000002,8.5,12.6,767124750.0
52,0.0,0.017971975728869438,589240750,10.080000000000002,8.5,12.6,767124750.0
53,0.0,0.02014700137078762,600358500,10.080000000000002,8.5,12.6,767124750.0
54,0.0,0.024161262437701225,611476250,10.080000000000002,8.5,12.6,767124750.0
55,0.0,0.028659338131546974,622594000,10.080000000000002,8.5,12.6,767124750.0
56,0.0,0.03479709476232529,633711750,10.080000000000002,8.5,12.6,767124750.0
57,0.0,0.042062219232320786,644829500,10.080000000000002,8.5,12.6,767124750.0
58,0.0,0.051198314875364304,655947250,10.080000000000002,8.5,12.6,767124750.0
59,0.0,0.05902072414755821,667065000,10.080000000000002,8.5,12.6,767124750.0
60,0.0,0.06595449894666672,678182750,10.080000000000002,8.5,12.6,767124750.0
61,0.0,0.07972322404384613,689300500,10.080000000000002,8.5,12.6,767124750.0
62,0.0,0.07671437412500381,700418250,10.080000000000002,8.5,12.6,767124750.0
63,0.0,0.08606941252946854,711536000,10.080000000000002,8.5,12.6,767124750.0
64,0.0,0.0697973296046257,722653750,10.080000000000002,8.5,12.6,767124750.0
65,0.0,0.08634065836668015,733771500,10.080000000000002,8.5,12.6,767124750.0
66,0.0,0.06714793294668198,744889250,10.080000000000002,8.5,12.6,767124750.0
67,0.0,0.11015775054693222,756007000,10.080000000000002,8.5,12.6,767124750.0
68,0.0,0.0723256915807724,767124750,10.065000000000001,8.5,12.6,1022833000.0
69,0.0,0.10778957605361938,778242500,10.065000000000001,8.5,12.6,1022833000.0
70,0.0,0.05335800722241402,789360250,10.065000000000001,8.5,12.6,1022833000.0
71,0.0,0.1003338098526001,800478000,10.065000000000001,8.5,12.6,1022833000.0
72,0.0,0.05316367372870445,811595750,10.065000000000001,8.5,12.6,1022833000.0
73,0.0,0.10469076782464981,822713500,10.065000000000001,8.5,12.6,1022833000.0
74,0.0,0.05969554930925369,833831250,10.065000000000001,8.5,12.6,1022833000.0
75,0.0,0.1073773130774498,844949000,10.065000000000001,8.5,12.6,1022833000.0
76,0.0,0.051249515265226364,856066750,10.065000000000001,8.5,12.6,1022833000.0
77,0.0,0.09647773206233978,867184500,10.065000000000001,8.5,12.6,1022833000.0
78,0.0,0.05038387328386307,878302250,10.065000000000001,8.5,12.6,1022833000.0
79,0.0,0.10105068981647491,889420000,10.065000000000001,8.5,12.6,1022833000.0
80,0.0,0.058642882853746414,900537750,10.065000000000001,8.5,12.6,1022833000.0
81,0.0,0.1082201600074768,911655500,10.065000000000001,8.5,12.6,1022833000.0
82,0.0,0.054322756826877594,922773250,10.065000000000001,8.5,12.6,1022833000.0
83,0.0,0.10031349956989288,933891000,10.065000000000001,8.5,12.6,1022833000.0
84,0.0,0.04985899105668068,945008750,10.065000000000001,8.5,12.6,1022833000.0
85,0.0,0.09931297600269318,956126500,10.065000000000001,8.5,12.6,1022833000.0
86,0.0,0.05298538878560066,967244250,10.065000000000001,8.5,12.6,1022833000.0
87,0.0,0.10925360023975372,978362000,10.065000000000001,8.5,12.6,1022833000.0
88,0.0,0.052304476499557495,989479750,10.065000000000001,8.5,12.6,1022833000.0
89,0.0,0.10440957546234131,1000597500,10.065000000000001,8.5,12.6,1022833000.0
90,0.0,0.0471997894346714,1011715250,10.065000000000001,8.5,12.6,1022833000.0
91,0.0,0.10500063747167587,1022833000,10.715,8.5,17.299999999999997,1278541250.0
92,0.0,0.05615774542093277,1033950750,10.715,8.5,17.299999999999997,1278541250.0
93,0.0,0.10466455668210983,1045068500,10.715,8.5,17.299999999999997,1278541250.0
94,0.0,0.05180934816598892,1056186250,10.715,8.5,17.299999999999997,1278541250.0
95,0.0,0.1053374782204628,1067304000,10.715,8.5,17.299999999999997,1278541250.0
96,0.0,0.054637618362903595,1078421750,10.715,8.5,17.299999999999997,1278541250.0
97,0.0,0.09990077465772629,1089539500,10.715,8.5,17.299999999999997,1278541250.0
98,0.0,0.047464340925216675,1100657250,10.715,8.5,17.299999999999997,1278541250.0
99,0.0,0.10642518103122711,1111775000,10.715,8.5,17.299999999999997,1278541250.0
100,0.0,0.05824682116508484,1122892750,10.715,8.5,17.299999999999997,1278541250.0
101,0.0,0.10661458224058151,1134010500,10.715,8.5,17.299999999999997,1278541250.0
102,0.0,0.05075798183679581,1145128250,10.715,8.5,17.299999999999997,1278541250.0
103,0.0,0.10117772966623306,1156246000,10.715,8.5,17.299999999999997,1278541250.0
104,0.0,0.0490722618997097,1167363750,10.715,8.5,17.299999999999997,1278541250.0
105,0.0,0.1021498441696167,1178481500,10.715,8.5,17.299999999999997,1278541250.0
106,0.0,0.05226897820830345,1189599250,10.715,8.5,17.299999999999997,1278541250.0
107,0.0,0.11822839081287384,1200717000,10.715,8.5,17.299999999999997,1278541250.0
108,0.0,0.0476674847304821,1211834750,10.715,8.5,17.299999999999997,1278541250.0
109,0.0,0.10692148655653,1222952500,10.715,8.5,17.299999999999997,1278541250.0
110,0.0,0.04574267193675041,1234070250,10.715,8.5,17.299999999999997,1278541250.0
111,0.0,0.10507690906524658,1245188000,10.715,8.5,17.299999999999997,1278541250.0
112,0.0,0.055869270116090775,1256305750,10.715,8.5,17.299999999999997,1278541250.0
113,0.0,0.10994359105825424,1267423500,10.715,8.5,17.299999999999997,1278541250.0
114,0.0,0.04671705886721611,1278541250,9.830000000000002,8.5,11.600000000000001,1534249500.0
115,0.0,0.10228394716978073,1289659000,9.830000000000002,8.5,11.600000000000001,1534249500.0
116,0.0,0.047737568616867065,1300776750,9.830000000000002,8.5,11.600000000000001,1534249500.0
117,0.0,0.10823427885770798,1311894500,9.830000000000002,8.5,11.600000000000001,1534249500.0
118,0.0,0.0534893162548542,1323012250,9.830000000000002,8.5,11.600000000000001,1534249500.0
119,0.0,0.10803351551294327,1334130000,9.830000000000002,8.5,11.600000000000001,1534249500.0
120,0.0,0.04925772175192833,1345247750,9.830000000000002,8.5,11.600000000000001,1534249500.0
121,0.0,0.10599805414676666,1356365500,9.830000000000002,8.5,11.600000000000001,1534249500.0
122,0.0,0.05803704261779785,1367483250,9.830000000000002,8.5,11.600000000000001,1534249500.0
123,0.0,0.09955138713121414,1378601000,9.830000000000002,8.5,11.600000000000001,1534249500.0
124,0.0,0.051797039806842804,1389718750,9.830000000000002,8.5,11.600000000000001,1534249500.0
125,0.0,0.10152765363454819,1400836500,9.830000000000002,8.5,11.600000000000001,1534249500.0
126,0.0,0.06584753096103668,1411954250,9.830000000000002,8.5,11.600000000000001,1534249500.0
127,0.0,0.09862950444221497,1423072000,9.830000000000002,8.5,11.600000000000001,1534249500.0
128,0.0,0.05580831319093704,1434189750,9.830000000000002,8.5,11.600000000000001,1534249500.0
129,0.0,0.1032780334353447,1445307500,9.830000000000002,8.5,11.600000000000001,1534249500.0
130,0.0,0.05100426822900772,1456425250,9.830000000000002,8.5,11.600000000000001,1534249500.0
131,0.0,0.10148382186889648,1467543000,9.830000000000002,8.5,11.600000000000001,1534249500.0
132,0.0,0.062414199113845825,1478660750,9.830000000000002,8.5,11.600000000000001,1534249500.0
133,0.0,0.10209677368402481,1489778500,9.830000000000002,8.5,11.600000000000001,1534249500.0
134,0.0,0.056216489523649216,1500896250,9.830000000000002,8.5,11.600000000000001,1534249500.0
135,0.0,0.10264404118061066,1512014000,9.830000000000002,8.5,11.600000000000001,1534249500.0
136,0.0,0.06229821965098381,1523131750,9.830000000000002,8.5,11.600000000000001,1534249500.0
137,0.0,0.09939022362232208,1534249500,13.185000000000002,8.5,20.3,1789957750.0
138,0.0,0.05654147267341614,1545367250,13.185000000000002,8.5,20.3,1789957750.0
139,0.0,0.10463958233594894,1556485000,13.185000000000002,8.5,20.3,1789957750.0
140,0.0,0.05572759732604027,1567602750,13.185000000000002,8.5,20.3,1789957750.0
141,0.0,0.10683782398700714,1578720500,13.185000000000002,8.5,20.3,1789957750.0
142,0.0,0.059729378670454025,1589838250,13.185000000000002,8.5,20.3,1789957750.0
143,0.0,0.09902877360582352,1600956000,13.185000000000002,8.5,20.3,1789957750.0
144,0.0,0.0572919026017189,1612073750,13.185000000000002,8.5,20.3,1789957750.0
145,0.0,0.09857858717441559,1623191500,13.185000000000002,8.5,20.3,1789957750.0
146,0.0,0.05107426643371582,1634309250,13.185000000000002,8.5,20.3,1789957750.0
147,0.0,0.11305925995111465,1645427000,13.185000000000002,8.5,20.3,1789957750.0
148,0.0,0.06063162907958031,1656544750,13.185000000000002,8.5,20.3,1789957750.0
149,0.0,0.11047809571027756,1667662500,13.185000000000002,8.5,20.3,1789957750.0
150,0.0,0.05306881293654442,1678780250,13.185000000000002,8.5,20.3,1789957750.0
151,0.0,0.10249578952789307,1689898000,13.185000000000002,8.5,20.3,1789957750.0
152,0.0,0.043709561228752136,1701015750,13.185000000000002,8.5,20.3,1789957750.0
153,0.0,0.11166294664144516,1712133500,13.185000000000002,8.5,20.3,1789957750.0
154,0.0,0.05297034606337547,1723251250,13.185000000000002,8.5,20.3,1789957750.0
155,0.0,0.11916735023260117,1734369000,13.185000000000002,8.5,20.3,1789957750.0
156,0.0,0.04257650300860405,1745486750,13.185000000000002,8.5,20.3,1789957750.0
157,0.0,0.10573625564575195,1756604500,13.185000000000002,8.5,20.3,1789957750.0
158,0.0,0.04422410577535629,1767722250,13.185000000000002,8.5,20.3,1789957750.0
159,0.0,0.11624423414468765,1778840000,13.185000000000002,8.5,20.3,1789957750.0
160,0.0,0.04652190953493118,1789957750,12.110000000000001,8.7,21.4,2045666000.0
161,0.0,0.11510241031646729,1801075500,12.110000000000001,8.7,21.4,2045666000.0
162,0.0,0.04179435595870018,1812193250,12.110000000000001,8.7,21.4,2045666000.0
163,0.0,0.1076604351401329,1823311000,12.110000000000001,8.7,21.4,2045666000.0
164,0.0,0.04687394201755524,1834428750,12.110000000000001,8.7,21.4,2045666000.0
165,0.0,0.12083949893712997,1845546500,12.110000000000001,8.7,21.4,2045666000.0
166,0.0,0.048341862857341766,1856664250,12.110000000000001,8.7,21.4,2045666000.0
167,0.0,0.10935896635055542,1867782000,12.110000000000001,8.7,21.4,2045666000.0
168,0.0,0.05074958875775337,1878899750,12.110000000000001,8.7,21.4,2045666000.0
169,0.0,0.10223480314016342,1890017500,12.110000000000001,8.7,21.4,2045666000.0
170,0.0,0.04923179745674133,1901135250,12.110000000000001,8.7,21.4,2045666000.0
171,0.0,0.11665727943181992,1912253000,12.110000000000001,8.7,21.4,2045666000.0
172,0.0,0.0531805045902729,1923370750,12.110000000000001,8.7,21.4,2045666000.0
173,0.0,0.10512355715036392,1934488500,12.110000000000001,8.7,21.4,2045666000.0
174,0.0,0.04549790173768997,1945606250,12.110000000000001,8.7,21.4,2045666000.0
175,0.0,0.10757958889007568,1956724000,12.110000000000001,8.7,21.4,2045666000.0
176,0.0,0.057295847684144974,1967841750,12.110000000000001,8.7,21.4,2045666000.0
177,0.0,0.11556774377822876,1978959500,12.110000000000001,8.7,21.4,2045666000.0
178,0.0,0.05109645053744316,1990077250,12.110000000000001,8.7,21.4,2045666000.0
179,0.0,0.11107923090457916,2001195000,12.110000000000001,8.7,21.4,2045666000.0
180,0.0,0.05347948893904686,2012312750,12.110000000000001,8.7,21.4,2045666000.0
181,0.0,0.10459525883197784,2023430500,12.110000000000001,8.7,21.4,2045666000.0
182,0.0,0.052977483719587326,2034548250,12.110000000000001,8.7,21.4,2045666000.0
183,0.0,0.1174689307808876,2045666000,18.995,14.299999999999999,25.2,2301374250.0
184,0.0,0.052203983068466187,2056783750,18.995,14.299999999999999,25.2,2301374250.0
185,0.0,0.10877685993909836,2067901500,18.995,14.299999999999999,25.2,2301374250.0
186,0.0,0.04703787714242935,2079019250,18.995,14.299999999999999,25.2,2301374250.0
187,0.0,0.10401836782693863,2090137000,18.995,14.299999999999999,25.2,2301374250.0
188,0.0,0.058589059859514236,2101254750,18.995,14.299999999999999,25.2,2301374250.0
189,0.0,0.1098872572183609,2112372500,18.995,14.299999999999999,25.2,2301374250.0
190,0.0,0.049612950533628464,2123490250,18.995,14.299999999999999,25.2,2301374250.0
191,0.0,0.11791136115789413,2134608000,18.995,14.299999999999999,25.2,2301374250.0
192,0.0,0.05798330903053284,2145725750,18.995,14.299999999999999,25.2,2301374250.0
193,0.0,0.11135196685791016,2156843500,18.995,14.299999999999999,25.2,2301374250.0
194,0.0,0.04820844531059265,2167961250,18.995,14.299999999999999,25.2,2301374250.0
195,0.0,0.10722936689853668,2179079000,18.995,14.299999999999999,25.2,2301374250.0
196,0.0,0.05388079956173897,2190196750,18.995,14.299999999999999,25.2,2301374250.0
197,0.0,0.11784777790307999,2201314500,18.995,14.299999999999999,25.2,2301374250.0
198,0.0,0.05855762958526611,2212432250,18.995,14.299999999999999,25.2,2301374250.0
199,0.0,0.1034414991736412,2223550000,18.995,14.299999999999999,25.2,2301374250.0
200,0.0,0.05168970301747322,2234667750,18.995,14.299999999999999,25.2,2301374250.0
201,0.0,0.11110346764326096,2245785500,18.995,14.299999999999999,25.2,2301374250.0
202,0.0,0.057380687445402145,2256903250,18.995,14.299999999999999,25.2,2301374250.0
203,0.0,0.10913462936878204,2268021000,18.995,14.299999999999999,25.2,2301374250.0
204,0.0,0.056227099150419235,2279138750,18.995,14.299999999999999,25.2,2301374250.0
205,0.0,0.11784104257822037,2290256500,18.995,14.299999999999999,25.2,2301374250.0
206,0.0,0.05286238715052605,2301374250,17.470000000000002,10.5,29.299999999999997,2557082500.0
207,0.0,0.10503025352954865,2312492000,17.470000000000002,10.5,29.299999999999997,2557082500.0
208,0.0,0.05454599857330322,2323609750,17.470000000000002,10.5,29.299999999999997,2557082500.0
209,0.0,0.10597310215234756,2334727500,17.470000000000002,10.5,29.299999999999997,2557082500.0
210,0.0,0.06774678826332092,2345845250,17.470000000000002,10.5,29.299999999999997,2557082500.0
211,0.0,0.11587842553853989,2356963000,17.470000000000002,10.5,29.299999999999997,2557082500.0
212,0.0,0.0521312914788723,2368080750,17.470000000000002,10.5,29.299999999999997,2557082500.0
213,0.0,0.11258180439472198,2379198500,17.470000000000002,10.5,29.299999999999997,2557082500.0
214,0.0,0.05144667252898216,2390316250,17.470000000000002,10.5,29.299999999999997,2557082500.0
215,0.0,0.1210528239607811,2401434000,17.470000000000002,10.5,29.299999999999997,2557082500.0
216,0.0,0.06007586047053337,2412551750,17.470000000000002,10.5,29.299999999999997,2557082500.0
217,0.0,0.10821975767612457,2423669500,17.470000000000002,10.5,29.299999999999997,2557082500.0
218,0.0,0.057976771146059036,2434787250,17.470000000000002,10.5,29.299999999999997,2557082500.0
219,0.0,0.10719050467014313,2445905000,17.470000000000002,10.5,29.299999999999997,2557082500.0
220,0.0,0.07206423580646515,2457022750,17.470000000000002,10.5,29.299999999999997,2557082500.0
221,0.0,0.11492272466421127,2468140500,17.470000000000002,10.5,29.299999999999997,2557082500.0
222,0.0,0.05946994945406914,2479258250,17.470000000000002,10.5,29.299999999999997,2557082500.0
223,0.0,0.0991835668683052,2490376000,17.470000000000002,10.5,29.299999999999997,2557082500.0
224,0.0,0.06047651916742325,2501493750,17.470000000000002,10.5,29.299999999999997,2557082500.0
225,0.0,0.10958083719015121,2512611500,17.470000000000002,10.5,29.299999999999997,2557082500.0
226,0.0,0.056915439665317535,2523729250,17.470000000000002,10.5,29.299999999999997,2557082500.0
227,0.0,0.11069013923406601,2534847000,17.470000000000002,10.5,29.299999999999997,2557082500.0
228,0.0,0.06446360796689987,2545964750,17.470000000000002,10.5,29.299999999999997,2557082500.0
229,0.0,0.10196025669574738,2557082500,22.709999999999997,10.7,34.9,2812790750.0
230,0.0,0.059732627123594284,2568200250,22.709999999999997,10.7,34.9,2812790750.0
231,0.0,0.10998421162366867,2579318000,22.709999999999997,10.7,34.9,2812790750.0
232,0.0,0.06035559996962547,2590435750,22.709999999999997,10.7,34.9,2812790750.0
233,0.0,0.1117539331316948,2601553500,22.709999999999997,10.7,34.9,2812790750.0
234,0.0,0.06186489015817642,2612671250,22.709999999999997,10.7,34.9,2812790750.0
235,0.0,0.11112531274557114,2623789000,22.709999999999997,10.7,34.9,2812790750.0
236,0.0,0.05815054103732109,2634906750,22.709999999999997,10.7,34.9,2812790750.0
237,0.0,0.1084522008895874,2646024500,22.709999999999997,10.7,34.9,2812790750.0
238,0.0,0.06387469172477722,2657142250,22.709999999999997,10.7,34.9,2812790750.0
239,0.0,0.1116349920630455,2668260000,22.709999999999997,10.7,34.9,2812790750.0
240,0.0,0.06510952115058899,2679377750,22.709999999999997,10.7,34.9,2812790750.0
241,0.0,0.1105419397354126,2690495500,22.709999999999997,10.7,34.9,2812790750.0
242,0.0,0.05919286236166954,2701613250,22.709999999999997,10.7,34.9,2812790750.0
243,0.0,0.10341911762952805,2712731000,22.709999999999997,10.7,34.9,2812790750.0
244,0.0,0.059371303766965866,2723848750,22.709999999999997,10.7,34.9,2812790750.0
245,0.0,0.11448246240615845,2734966500,22.709999999999997,10.7,34.9,2812790750.0
246,0.0,0.06494059413671494,2746084250,22.709999999999997,10.7,34.9,2812790750.0
247,0.0,0.11011214554309845,2757202000,22.709999999999997,10.7,34.9,2812790750.0
248,0.0,0.06590858846902847,2768319750,22.709999999999997,10.7,34.9,2812790750.0
249,0.0,0.1134706512093544,2779437500,22.709999999999997,10.7,34.9,2812790750.0
250,0.0,0.06466185301542282,2790555250,22.709999999999997,10.7,34.9,2812790750.0
251,0.0,0.10591574013233185,2801673000,22.709999999999997,10.7,34.9,2812790750.0
252,0.0,0.07349850237369537,2812790750,25.294999999999995,13.700000000000001,38.9,3068499000.0
253,0.0,0.11084115505218506,2823908500,25.294999999999995,13.700000000000001,38.9,3068499000.0
254,0.0,0.06397842615842819,2835026250,25.294999999999995,13.700000000000001,38.9,3068499000.0
255,0.0,0.10480072349309921,2846144000,25.294999999999995,13.700000000000001,38.9,3068499000.0
256,0.0,0.0615546889603138,2857261750,25.294999999999995,13.700000000000001,38.9,3068499000.0
257,0.0,0.11369700729846954,2868379500,25.294999999999995,13.700000000000001,38.9,3068499000.0
258,0.0,0.06326457858085632,2879497250,25.294999999999995,13.700000000000001,38.9,3068499000.0
259,0.0,0.1126689687371254,2890615000,25.294999999999995,13.700000000000001,38.9,3068499000.0
260,0.0,0.06554311513900757,2901732750,25.294999999999995,13.700000000000001,38.9,3068499000.0
261,0.0,0.09832940250635147,2912850500,25.294999999999995,13.700000000000001,38.9,3068499000.0
262,0.0,0.06969093531370163,2923968250,25.294999999999995,13.700000000000001,38.9,3068499000.0
263,0.0,0.10788092762231827,2935086000,25.294999999999995,13.700000000000001,38.9,3068499000.0
264,0.0,0.07739254087209702,2946203750,25.294999999999995,13.700000000000001,38.9,3068499000.0
265,0.0,0.09852223843336105,2957321500,25.294999999999995,13.700000000000001,38.9,3068499000.0
266,0.0,0.05624072626233101,2968439250,25.294999999999995,13.700000000000001,38.9,3068499000.0
267,0.0,0.09272075444459915,2979557000,25.294999999999995,13.700000000000001,38.9,3068499000.0
268,0.0,0.06665371358394623,2990674750,25.294999999999995,13.700000000000001,38.9,3068499000.0
269,0.0,0.10649354755878448,3001792500,25.294999999999995,13.700000000000001,38.9,3068499000.0
270,0.0,0.072644904255867,3012910250,25.294999999999995,13.700000000000001,38.9,3068499000.0
271,0.0,0.09774252027273178,3024028000,25.294999999999995,13.700000000000001,38.9,3068499000.0
272,0.0,0.06087416037917137,3035145750,25.294999999999995,13.700000000000001,38.9,3068499000.0
273,0.0,0.10202457755804062,3046263500,25.294999999999995,13.700000000000001,38.9,3068499000.0
274,0.0,0.06786249577999115,3057381250,25.294999999999995,13.700000000000001,38.9,3068499000.0
275,0.0,0.09724853932857513,3068499000,41.000000000000014,23.0,57.199999999999996,3324207250.0
276,0.0,0.0571368932723999,3079616750,41.000000000000014,23.0,57.199999999999996,3324207250.0
277,0.0,0.10095354169607162,3090734500,41.000000000000014,23.0,57.199999999999996,3324207250.0
278,0.0,0.07032351940870285,3101852250,41.000000000000014,23.0,57.199999999999996,3324207250.0
279,0.0,0.11019984632730484,3112970000,41.000000000000014,23.0,57.199999999999996,3324207250.0
280,0.0,0.06758128106594086,3124087750,41.000000000000014,23.0,57.199999999999996,3324207250.0
281,0.0,0.10061979293823242,3135205500,41.000000000000014,23.0,57.199999999999996,3324207250.0
282,0.0,0.05878911539912224,3146323250,41.000000000000014,23.0,57.199999999999996,3324207250.0
283,0.0,0.10648665577173233,3157441000,41.000000000000014,23.0,57.199999999999996,3324207250.0
284,0.0,0.061744946986436844,3168558750,41.000000000000014,23.0,57.199999999999996,3324207250.0
285,0.0,0.10414879769086838,3179676500,41.000000000000014,23.0,57.199999999999996,3324207250.0
286,0.0,0.06230686977505684,3190794250,41.000000000000014,23.0,57.199999999999996,3324207250.0
287,0.0,0.10762146860361099,3201912000,41.000000000000014,23.0,57.199999999999996,3324207250.0
288,0.0,0.0581616647541523,3213029750,41.000000000000014,23.0,57.199999999999996,3324207250.0
289,0.0,0.1095428466796875,3224147500,41.000000000000014,23.0,57.199999999999996,3324207250.0
290,0.0,0.05923072621226311,3235265250,41.000000000000014,23.0,57.199999999999996,3324207250.0
291,0.0,0.10818922519683838,3246383000,41.000000000000014,23.0,57.199999999999996,3324207250.0
292,0.0,0.06019536405801773,3257500750,41.000000000000014,23.0,57.199999999999996,3324207250.0
293,0.0,0.10571201890707016,3268618500,41.000000000000014,23.0,57.199999999999996,3324207250.0
294,0.0,0.05896637961268425,3279736250,41.000000000000014,23.0,57.199999999999996,3324207250.0
295,0.0,0.10053115338087082,3290854000,41.000000000000014,23.0,57.199999999999996,3324207250.0
296,0.0,0.06605971604585648,3301971750,41.000000000000014,23.0,57.199999999999996,3324207250.0
297,0.0,0.10807551443576813,3313089500,41.000000000000014,23.0,57.199999999999996,3324207250.0
298,0.0,0.048948612064123154,3324207250,38.150000000000006,15.4,51.300000000000004,3579915500.0
299,0.0,0.10521705448627472,3335325000,38.150000000000006,15.4,51.300000000000004,3579915500.0
300,0.0,0.06067372113466263,3346442750,38.150000000000006,15.4,51.300000000000004,3579915500.0
301,0.0,0.10406332463026047,3357560500,38.150000000000006,15.4,51.300000000000004,3579915500.0
302,0.0,0.05241942033171654,3368678250,38.150000000000006,15.4,51.300000000000004,3579915500.0
303,0.0,0.10566278547048569,3379796000,38.150000000000006,15.4,51.300000000000004,3579915500.0
304,0.0,0.05800197273492813,3390913750,38.150000000000006,15.4,51.300000000000004,3579915500.0
305,0.0,0.10686826705932617,3402031500,38.150000000000006,15.4,51.300000000000004,3579915500.0
306,0.0,0.05768582224845886,3413149250,38.150000000000006,15.4,51.300000000000004,3579915500.0
307,0.0,0.10988686233758926,3424267000,38.150000000000006,15.4,51.300000000000004,3579915500.0
308,0.0,0.062436629086732864,3435384750,38.150000000000006,15.4,51.300000000000004,3579915500.0
309,0.0,0.10748688131570816,3446502500,38.150000000000006,15.4,51.300000000000004,3579915500.0
310,0.0,0.05754449963569641,3457620250,38.150000000000006,15.4,51.300000000000004,3579915500.0
311,0.0,0.09884193539619446,3468738000,38.150000000000006,15.4,51.300000000000004,3579915500.0
312,0.0,0.055562764406204224,3479855750,38.150000000000006,15.4,51.300000000000004,3579915500.0
313,0.0,0.09771700203418732,3490973500,38.150000000000006,15.4,51.300000000000004,3579915500.0
314,0.0,0.061001379042863846,3502091250,38.150000000000006,15.4,51.300000000000004,3579915500.0
315,0.0,0.1020599827170372,3513209000,38.150000000000006,15.4,51.300000000000004,3579915500.0
316,0.0,0.06054912135004997,3524326750,38.150000000000006,15.4,51.300000000000004,3579915500.0
317,0.0,0.10338876396417618,3535444500,38.150000000000006,15.4,51.300000000000004,3579915500.0
318,0.0,0.06127036362886429,3546562250,38.150000000000006,15.4,51.300000000000004,3579915500.0
319,0.0,0.10175348818302155,3557680000,38.150000000000006,15.4,51.300000000000004,3579915500.0
320,0.0,0.0621015727519989,3568797750,38.150000000000006,15.4,51.300000000000004,3579915500.0
321,0.0,0.1043449193239212,3579915500,54.105000000000004,36.199999999999996,68.89999999999999,3835623750.0
322,0.0,0.06492270529270172,3591033250,54.105000000000004,36.199999999999996,68.89999999999999,3835623750.0
323,0.0,0.09402891993522644,3602151000,54.105000000000004,36.199999999999996,68.89999999999999,3835623750.0
324,0.0,0.06049041822552681,3613268750,54.105000000000004,36.199999999999996,68.89999999999999,3835623750.0
325,0.0,0.09440547227859497,3624386500,54.105000000000004,36.199999999999996,68.89999999999999,3835623750.0
326,0.0,0.05947740003466606,3635504250,54.105000000000004,36.199999999999996,68.89999999999999,3835623750.0
327,0.0,0.09382066875696182,3646622000,54.105000000000004,36.199999999999996,68.89999999999999,3835623750.0
328,0.0,0.06256524473428726,3657739750,54.105000000000004,36.199999999999996,68.89999999999999,3835623750.0
329,0.0,0.09708093106746674,3668857500,54.105000000000004,36.199999999999996,68.89999999999999,3835623750.0
330,0.0,0.05702080950140953,3679975250,54.105000000000004,36.199999999999996,68.89999999999999,3835623750.0
331,0.0,0.09675576537847519,3691093000,54.105000000000004,36.199999999999996,68.89999999999999,3835623750.0
332,0.0,0.06140296533703804,3702210750,54.105000000000004,36.199999999999996,68.89999999999999,3835623750.0
333,0.0,0.09534022957086563,3713328500,54.105000000000004,36.199999999999996,68.89999999999999,3835623750.0
334,0.0,0.061446238309144974,3724446250,54.105000000000004,36.199999999999996,68.89999999999999,3835623750.0
335,0.0,0.10057803243398666,3735564000,54.105000000000004,36.199999999999996,68.89999999999999,3835623750.0
336,0.0,0.061815161257982254,3746681750,54.105000000000004,36.199999999999996,68.89999999999999,3835623750.0
337,0.0,0.10290529578924179,3757799500,54.105000000000004,36.199999999999996,68.89999999999999,3835623750.0
338,0.0,0.05932866409420967,3768917250,54.105000000000004,36.199999999999996,68.89999999999999,3835623750.0
339,0.0,0.09600891917943954,3780035000,54.105000000000004,36.199999999999996,68.89999999999999,3835623750.0
340,0.0,0.05504436418414116,3791152750,54.105000000000004,36.199999999999996,68.89999999999999,3835623750.0
341,0.0,0.09724070876836777,3802270500,54.105000000000004,36.199999999999996,68.89999999999999,3835623750.0
342,0.0,0.05814320594072342,3813388250,54.105000000000004,36.199999999999996,68.89999999999999,3835623750.0
343,0.0,0.0999218225479126,3824506000,54.105000000000004,36.199999999999996,68.89999999999999,3835623750.0
344,0.0,0.05541547015309334,3835623750,51.24000000000001,27.900000000000002,68.8,4091332000.0
345,0.0,0.09065612405538559,3846741500,51.24000000000001,27.900000000000002,68.8,4091332000.0
346,0.0,0.05746970698237419,3857859250,51.24000000000001,27.900000000000002,68.8,4091332000.0
347,0.0,0.10038726776838303,3868977000,51.24000000000001,27.900000000000002,68.8,4091332000.0
348,0.0,0.05364183336496353,3880094750,51.24000000000001,27.900000000000002,68.8,4091332000.0
349,0.0,0.0912323147058487,3891212500,51.24000000000001,27.900000000000002,68.8,4091332000.0
350,0.0,0.05830889567732811,3902330250,51.24000000000001,27.900000000000002,68.8,4091332000.0
351,0.0,0.1014382392168045,3913448000,51.24000000000001,27.900000000000002,68.8,4091332000.0
352,0.0,0.05258326604962349,3924565750,51.24000000000001,27.900000000000002,68.8,4091332000.0
353,0.0,0.09103133529424667,3935683500,51.24000000000001,27.900000000000002,68.8,4091332000.0
354,0.0,0.056777190417051315,3946801250,51.24000000000001,27.900000000000002,68.8,4091332000.0
355,0.0,0.08720018714666367,3957919000,51.24000000000001,27.900000000000002,68.8,4091332000.0
356,0.0,0.054905425757169724,3969036750,51.24000000000001,27.900000000000002,68.8,4091332000.0
357,0.0,0.09231039881706238,3980154500,51.24000000000001,27.900000000000002,68.8,4091332000.0
358,0.0,0.05445960909128189,3991272250,51.24000000000001,27.900000000000002,68.8,4091332000.0
359,0.0,0.09559884667396545,4002390000,51.24000000000001,27.900000000000002,68.8,4091332000.0
360,0.0,0.05893753841519356,4013507750,51.24000000000001,27.900000000000002,68.8,4091332000.0
361,0.0,0.09391888231039047,4024625500,51.24000000000001,27.900000000000002,68.8,4091332000.0
362,0.0,0.05793542414903641,4035743250,51.24000000000001,27.900000000000002,68.8,4091332000.0
363,0.0,0.08708451688289642,4046861000,51.24000000000001,27.900000000000002,68.8,4091332000.0
364,0.0,0.05855882912874222,4057978750,51.24000000000001,27.900000000000002,68.8,4091332000.0
365,0.0,0.0907236635684967,4069096500,51.24000000000001,27.900000000000002,68.8,4091332000.0
366,0.0,0.05965655669569969,4080214250,51.24000000000001,27.900000000000002,68.8,4091332000.0
367,0.0,0.09392181038856506,4091332000,63.989999999999995,44.0,73.2,4347040250.0
368,0.0,0.0509442500770092,4102449750,63.989999999999995,44.0,73.2,4347040250.0
369,0.0,0.08695708215236664,4113567500,63.989999999999995,44.0,73.2,4347040250.0
370,0.0,0.0534646213054657,4124685250,63.989999999999995,44.0,73.2,4347040250.0
371,0.0,0.09651348739862442,4135803000,63.989999999999995,44.0,73.2,4347040250.0
372,0.0,0.05506613478064537,4146920750,63.989999999999995,44.0,73.2,4347040250.0
373,0.0,0.09319928288459778,4158038500,63.989999999999995,44.0,73.2,4347040250.0
374,0.0,0.048539143055677414,4169156250,63.989999999999995,44.0,73.2,4347040250.0
375,0.0,0.09015756100416183,4180274000,63.989999999999995,44.0,73.2,4347040250.0
376,0.0,0.05191298946738243,4191391750,63.989999999999995,44.0,73.2,4347040250.0
377,0.0,0.08740796893835068,4202509500,63.989999999999995,44.0,73.2,4347040250.0
378,0.0,0.04856672137975693,4213627250,63.989999999999995,44.0,73.2,4347040250.0
379,0.0,0.09172060340642929,4224745000,63.989999999999995,44.0,73.2,4347040250.0
380,0.0,0.05944683775305748,4235862750,63.989999999999995,44.0,73.2,4347040250.0
381,0.0,0.08963126689195633,4246980500,63.989999999999995,44.0,73.2,4347040250.0
382,0.0,0.046525876969099045,4258098250,63.989999999999995,44.0,73.2,4347040250.0
383,0.0,0.08315848559141159,4269216000,63.989999999999995,44.0,73.2,4347040250.0
384,0.0,0.04911584034562111,4280333750,63.989999999999995,44.0,73.2,4347040250.0
385,0.0,0.09004247188568115,4291451500,63.989999999999995,44.0,73.2,4347040250.0
386,0.0,0.051673900336027145,4302569250,63.989999999999995,44.0,73.2,4347040250.0
387,0.0,0.08966753631830215,4313687000,63.989999999999995,44.0,73.2,4347040250.0
388,0.0,0.04934069514274597,4324804750,63.989999999999995,44.0,73.2,4347040250.0
389,0.0,0.09085779637098312,4335922500,63.989999999999995,44.0,73.2,4347040250.0
390,0.0,0.04346538707613945,4347040250,59.47499999999999,32.7,74.1,4602748500.0
391,0.0,0.08803433924913406,4358158000,59.47499999999999,32.7,74.1,4602748500.0
392,0.0,0.049819860607385635,4369275750,59.47499999999999,32.7,74.1,4602748500.0
393,0.0,0.0785486027598381,4380393500,59.47499999999999,32.7,74.1,4602748500.0
394,0.0,0.05030030757188797,4391511250,59.47499999999999,32.7,74.1,4602748500.0
395,0.0,0.08898673951625824,4402629000,59.47499999999999,32.7,74.1,4602748500.0
396,0.0,0.057213056832551956,4413746750,59.47499999999999,32.7,74.1,4602748500.0
397,0.0,0.0806719958782196,4424864500,59.47499999999999,32.7,74.1,4602748500.0
398,0.0,0.05143706873059273,4435982250,59.47499999999999,32.7,74.1,4602748500.0
399,0.0,0.09061256051063538,4447100000,59.47499999999999,32.7,74.1,4602748500.0
400,0.0,0.0480441115796566,4458217750,59.47499999999999,32.7,74.1,4602748500.0
401,0.0,0.08464464545249939,4469335500,59.47499999999999,32.7,74.1,4602748500.0
402,0.0,0.0503074936568737,4480453250,59.47499999999999,32.7,74.1,4602748500.0
403,0.0,0.08100961148738861,4491571000,59.47499999999999,32.7,74.1,4602748500.0
404,0.0,0.05256029590964317,4502688750,59.47499999999999,32.7,74.1,4602748500.0
405,0.0,0.0832095667719841,4513806500,59.47499999999999,32.7,74.1,4602748500.0
406,0.0,0.04709325358271599,4524924250,59.47499999999999,32.7,74.1,4602748500.0
407,0.0,0.08424827456474304,4536042000,59.47499999999999,32.7,74.1,4602748500.0
408,0.0,0.0462285652756691,4547159750,59.47499999999999,32.7,74.1,4602748500.0
409,0.0,0.08226614445447922,4558277500,59.47499999999999,32.7,74.1,4602748500.0
410,0.0,0.047114383429288864,4569395250,59.47499999999999,32.7,74.1,4602748500.0
411,0.0,0.08518307656049728,4580513000,59.47499999999999,32.7,74.1,4602748500.0
412,0.0,0.045017652213573456,4591630750,59.47499999999999,32.7,74.1,4602748500.0
413,0.0,0.07811692357063293,4602748500,71.51500000000001,58.599999999999994,79.7,4858456750.0
414,0.0,0.047523949295282364,4613866250,71.51500000000001,58.599999999999994,79.7,4858456750.0
415,0.0,0.08612921088933945,4624984000,71.51500000000001,58.599999999999994,79.7,4858456750.0
416,0.0,0.0430416576564312,4636101750,71.51500000000001,58.599999999999994,79.7,4858456750.0
417,0.0,0.08739444613456726,4647219500,71.51500000000001,58.599999999999994,79.7,4858456750.0
418,0.0,0.049585115164518356,4658337250,71.51500000000001,58.599999999999994,79.7,4858456750.0
419,0.0,0.07709791511297226,4669455000,71.51500000000001,58.599999999999994,79.7,4858456750.0
420,0.0,0.050620585680007935,4680572750,71.51500000000001,58.599999999999994,79.7,4858456750.0
421,0.0,0.08173123002052307,4691690500,71.51500000000001,58.599999999999994,79.7,4858456750.0
422,0.0,0.045025479048490524,4702808250,71.51500000000001,58.599999999999994,79.7,4858456750.0
423,0.0,0.07966892421245575,4713926000,71.51500000000001,58.599999999999994,79.7,4858456750.0
424,0.0,0.0447574146091938,4725043750,71.51500000000001,58.599999999999994,79.7,4858456750.0
425,0.0,0.0741596594452858,4736161500,71.51500000000001,58.599999999999994,79.7,4858456750.0
426,0.0,0.049704309552907944,4747279250,71.51500000000001,58.599999999999994,79.7,4858456750.0
427,0.0,0.07785102725028992,4758397000,71.51500000000001,58.599999999999994,79.7,4858456750.0
428,0.0,0.04108292609453201,4769514750,71.51500000000001,58.599999999999994,79.7,4858456750.0
429,0.0,0.0742407962679863,4780632500,71.51500000000001,58.599999999999994,79.7,4858456750.0
430,0.0,0.04821237549185753,4791750250,71.51500000000001,58.599999999999994,79.7,4858456750.0
431,0.0,0.08388691395521164,4802868000,71.51500000000001,58.599999999999994,79.7,4858456750.0
432,0.0,0.041934479027986526,4813985750,71.51500000000001,58.599999999999994,79.7,4858456750.0
433,0.0,0.07191599160432816,4825103500,71.51500000000001,58.599999999999994,79.7,4858456750.0
434,0.0,0.045741066336631775,4836221250,71.51500000000001,58.599999999999994,79.7,4858456750.0
435,0.0,0.0757380798459053,4847339000,71.51500000000001,58.599999999999994,79.7,4858456750.0
436,0.0,0.04270613566040993,4858456750,70.75500000000001,48.1,83.0,5114165000.0
437,0.0,0.0686875581741333,4869574500,70.75500000000001,48.1,83.0,5114165000.0
438,0.0,0.04604751989245415,4880692250,70.75500000000001,48.1,83.0,5114165000.0
439,0.0,0.07412396371364594,4891810000,70.75500000000001,48.1,83.0,5114165000.0
440,0.0,0.05319628119468689,4902927750,70.75500000000001,48.1,83.0,5114165000.0
441,0.0,0.06430743634700775,4914045500,70.75500000000001,48.1,83.0,5114165000.0
442,0.0,0.041374169290065765,4925163250,70.75500000000001,48.1,83.0,5114165000.0
443,0.0,0.06525196135044098,4936281000,70.75500000000001,48.1,83.0,5114165000.0
444,0.0,0.0438767708837986,4947398750,70.75500000000001,48.1,83.0,5114165000.0
445,0.0,0.060024648904800415,4958516500,70.75500000000001,48.1,83.0,5114165000.0
446,0.0,0.03914259001612663,4969634250,70.75500000000001,48.1,83.0,5114165000.0
447,0.0,0.06415290385484695,4980752000,70.75500000000001,48.1,83.0,5114165000.0
448,0.0,0.0378214567899704,4991869750,70.75500000000001,48.1,83.0,5114165000.0
449,0.0,0.05991543084383011,5002987500,70.75500000000001,48.1,83.0,5114165000.0
450,0.0,0.046981263905763626,5014105250,70.75500000000001,48.1,83.0,5114165000.0
451,0.0,0.06438079476356506,5025223000,70.75500000000001,48.1,83.0,5114165000.0
452,0.0,0.05057133361697197,5036340750,70.75500000000001,48.1,83.0,5114165000.0
453,0.0,0.07021774351596832,5047458500,70.75500000000001,48.1,83.0,5114165000.0
454,0.0,0.04749920219182968,5058576250,70.75500000000001,48.1,83.0,5114165000.0
455,0.0,0.06591202318668365,5069694000,70.75500000000001,48.1,83.0,5114165000.0
456,0.0,0.046263452619314194,5080811750,70.75500000000001,48.1,83.0,5114165000.0
457,0.0,0.059886593371629715,5091929500,70.75500000000001,48.1,83.0,5114165000.0
458,0.0,0.04624497890472412,5103047250,70.75500000000001,48.1,83.0,5114165000.0
459,0.0,0.06323570013046265,5114165000,78.49500000000002,58.699999999999996,86.0,5369873250.0
460,0.0,0.03752127289772034,5125282750,78.49500000000002,58.699999999999996,86.0,5369873250.0
461,0.0,0.06581314653158188,5136400500,78.49500000000002,58.699999999999996,86.0,5369873250.0
462,0.0,0.04525642469525337,5147518250,78.49500000000002,58.699999999999996,86.0,5369873250.0
463,0.0,0.06985428929328918,5158636000,78.49500000000002,58.699999999999996,86.0,5369873250.0
464,0.0,0.04144987836480141,5169753750,78.49500000000002,58.699999999999996,86.0,5369873250.0
465,0.0,0.06978210806846619,5180871500,78.49500000000002,58.699999999999996,86.0,5369873250.0
466,0.0,0.0475071556866169,5191989250,78.49500000000002,58.699999999999996,86.0,5369873250.0
467,0.0,0.07462313026189804,5203107000,78.49500000000002,58.699999999999996,86.0,5369873250.0
468,0.0,0.036566898226737976,5214224750,78.49500000000002,58.699999999999996,86.0,5369873250.0
469,0.0,0.054613567888736725,5225342500,78.49500000000002,58.699999999999996,86.0,5369873250.0
470,0.0,0.043898195028305054,5236460250,78.49500000000002,58.699999999999996,86.0,5369873250.0
471,0.0,0.06401338428258896,5247578000,78.49500000000002,58.699999999999996,86.0,5369873250.0
472,0.0,0.03868350014090538,5258695750,78.49500000000002,58.699999999999996,86.0,5369873250.0
473,0.0,0.057348426431417465,5269813500,78.49500000000002,58.699999999999996,86.0,5369873250.0
474,0.0,0.046387847512960434,5280931250,78.49500000000002,58.699999999999996,86.0,5369873250.0
475,0.0,0.06693771481513977,5292049000,78.49500000000002,58.699999999999996,86.0,5369873250.0
476,0.0,0.041564639657735825,5303166750,78.49500000000002,58.699999999999996,86.0,5369873250.0
477,0.0,0.0586911141872406,5314284500,78.49500000000002,58.699999999999996,86.0,5369873250.0
478,0.0,0.03337523713707924,5325402250,78.49500000000002,58.699999999999996,86.0,5369873250.0
479,0.0,0.056301433593034744,5336520000,78.49500000000002,58.699999999999996,86.0,5369873250.0
480,0.0,0.039323773235082626,5347637750,78.49500000000002,58.699999999999996,86.0,5369873250.0
481,0.0,0.0575123131275177,5358755500,78.49500000000002,58.699999999999996,86.0,5369873250.0
482,0.0,0.04217397794127464,5369873250,77.18,56.89999999999999,86.9,5625581500.0
483,0.0,0.060482144355773926,5380991000,77.18,56.89999999999999,86.9,5625581500.0
484,0.0,0.03973516821861267,5392108750,77.18,56.89999999999999,86.9,5625581500.0
485,0.0,0.06116288900375366,5403226500,77.18,56.89999999999999,86.9,5625581500.0
486,0.0,0.0435003936290741,5414344250,77.18,56.89999999999999,86.9,5625581500.0
487,0.0,0.06274053454399109,5425462000,77.18,56.89999999999999,86.9,5625581500.0
488,0.0,0.043491508811712265,5436579750,77.18,56.89999999999999,86.9,5625581500.0
489,0.0,0.05740612745285034,5447697500,77.18,56.89999999999999,86.9,5625581500.0
490,0.0,0.040773045271635056,5458815250,77.18,56.89999999999999,86.9,5625581500.0
491,0.0,0.058733582496643066,5469933000,77.18,56.89999999999999,86.9,5625581500.0
492,0.0,0.03959537297487259,5481050750,77.18,56.89999999999999,86.9,5625581500.0
493,0.0,0.06137564778327942,5492168500,77.18,56.89999999999999,86.9,5625581500.0
494,0.0,0.04843221977353096,5503286250,77.18,56.89999999999999,86.9,5625581500.0
495,0.0,0.05921198055148125,5514404000,77.18,56.89999999999999,86.9,5625581500.0
496,0.0,0.031008759513497353,5525521750,77.18,56.89999999999999,86.9,5625581500.0
497,0.0,0.0522691011428833,5536639500,77.18,56.89999999999999,86.9,5625581500.0
498,0.0,0.0353446863591671,5547757250,77.18,56.89999999999999,86.9,5625581500.0
499,0.0,0.06007378175854683,5558875000,77.18,56.89999999999999,86.9,5625581500.0
500,0.0,0.04109262302517891,5569992750,77.18,56.89999999999999,86.9,5625581500.0
501,0.0,0.05130405351519585,5581110500,77.18,56.89999999999999,86.9,5625581500.0
502,0.0,0.04525135084986687,5592228250,77.18,56.89999999999999,86.9,5625581500.0
503,0.0,0.05283230170607567,5603346000,77.18,56.89999999999999,86.9,5625581500.0
504,0.0,0.03545038029551506,5614463750,77.18,56.89999999999999,86.9,5625581500.0
505,0.0,0.04810997098684311,5625581500,82.88500000000002,57.9,88.4,5881289750.0
506,0.0,0.04317435994744301,5636699250,82.88500000000002,57.9,88.4,5881289750.0
507,0.0,0.05237052962183952,5647817000,82.88500000000002,57.9,88.4,5881289750.0
508,0.0,0.035312991589307785,5658934750,82.88500000000002,57.9,88.4,5881289750.0
509,0.0,0.04559418559074402,5670052500,82.88500000000002,57.9,88.4,5881289750.0
510,0.0,0.04144727811217308,5681170250,82.88500000000002,57.9,88.4,5881289750.0
511,0.0,0.05089152604341507,5692288000,82.88500000000002,57.9,88.4,5881289750.0
512,0.0,0.040456175804138184,5703405750,82.88500000000002,57.9,88.4,5881289750.0
513,0.0,0.04395072162151337,5714523500,82.88500000000002,57.9,88.4,5881289750.0
514,0.0,0.03764842823147774,5725641250,82.88500000000002,57.9,88.4,5881289750.0
515,0.0,0.039852116256952286,5736759000,82.88500000000002,57.9,88.4,5881289750.0
516,0.0,0.03644784167408943,5747876750,82.88500000000002,57.9,88.4,5881289750.0
517,0.0,0.04802961274981499,5758994500,82.88500000000002,57.9,88.4,5881289750.0
518,0.0,0.03933573514223099,5770112250,82.88500000000002,57.9,88.4,5881289750.0
519,0.0,0.05079925060272217,5781230000,82.88500000000002,57.9,88.4,5881289750.0
520,0.0,0.03816378489136696,5792347750,82.88500000000002,57.9,88.4,5881289750.0
521,0.0,0.04489430785179138,5803465500,82.88500000000002,57.9,88.4,5881289750.0
522,0.0,0.04151326045393944,5814583250,82.88500000000002,57.9,88.4,5881289750.0
523,0.0,0.04643313214182854,5825701000,82.88500000000002,57.9,88.4,5881289750.0
524,0.0,0.03276737406849861,5836818750,82.88500000000002,57.9,88.4,5881289750.0
525,0.0,0.03580167517066002,5847936500,82.88500000000002,57.9,88.4,5881289750.0
526,0.0,0.027590829879045486,5859054250,82.88500000000002,57.9,88.4,5881289750.0
527,0.0,0.04065122455358505,5870172000,82.88500000000002,57.9,88.4,5881289750.0
528,0.0,0.031466808170080185,5881289750,81.88500000000002,60.0,89.3,6136998000.0
529,0.0,0.03979343920946121,5892407500,81.88500000000002,60.0,89.3,6136998000.0
530,0.0,0.035276684910058975,5903525250,81.88500000000002,60.0,89.3,6136998000.0
531,0.0,0.04545077309012413,5914643000,81.88500000000002,60.0,89.3,6136998000.0
532,0.0,0.031169427558779716,5925760750,81.88500000000002,60.0,89.3,6136998000.0
533,0.0,0.03414429351687431,5936878500,81.88500000000002,60.0,89.3,6136998000.0
534,0.0,0.030366195365786552,5947996250,81.88500000000002,60.0,89.3,6136998000.0
535,0.0,0.04120791703462601,5959114000,81.88500000000002,60.0,89.3,6136998000.0
536,0.0,0.03561705723404884,5970231750,81.88500000000002,60.0,89.3,6136998000.0
537,0.0,0.04082381725311279,5981349500,81.88500000000002,60.0,89.3,6136998000.0
538,0.0,0.02839191071689129,5992467250,81.88500000000002,60.0,89.3,6136998000.0
539,0.0,0.040233951061964035,6003585000,81.88500000000002,60.0,89.3,6136998000.0
540,0.0,0.03641766682267189,6014702750,81.88500000000002,60.0,89.3,6136998000.0
541,0.0,0.0408032089471817,6025820500,81.88500000000002,60.0,89.3,6136998000.0
542,0.0,0.033674951642751694,6036938250,81.88500000000002,60.0,89.3,6136998000.0
543,0.0,0.0368749164044857,6048056000,81.88500000000002,60.0,89.3,6136998000.0
544,0.0,0.03559212386608124,6059173750,81.88500000000002,60.0,89.3,6136998000.0
545,0.0,0.04066860303282738,6070291500,81.88500000000002,60.0,89.3,6136998000.0
546,0.0,0.03141660988330841,6081409250,81.88500000000002,60.0,89.3,6136998000.0
547,0.0,0.04302520677447319,6092527000,81.88500000000002,60.0,89.3,6136998000.0
548,0.0,0.029562508687376976,6103644750,81.88500000000002,60.0,89.3,6136998000.0
549,0.0,0.033216144889593124,6114762500,81.88500000000002,60.0,89.3,6136998000.0
550,0.0,0.03203725069761276,6125880250,81.88500000000002,60.0,89.3,6136998000.0
551,0.0,0.03901882842183113,6136998000,85.72,61.3,90.60000000000001,6392706250.0
552,0.0,0.032770778983831406,6148115750,85.72,61.3,90.60000000000001,6392706250.0
553,0.0,0.03845426067709923,6159233500,85.72,61.3,90.60000000000001,6392706250.0
554,0.0,0.028073368594050407,6170351250,85.72,61.3,90.60000000000001,6392706250.0
555,0.0,0.032940369099378586,6181469000,85.72,61.3,90.60000000000001,6392706250.0
556,0.0,0.022000720724463463,6192586750,85.72,61.3,90.60000000000001,6392706250.0
557,0.0,0.03009708784520626,6203704500,85.72,61.3,90.60000000000001,6392706250.0
558,0.0,0.023187655955553055,6214822250,85.72,61.3,90.60000000000001,6392706250.0
559,0.0,0.027476686984300613,6225940000,85.72,61.3,90.60000000000001,6392706250.0
560,0.0,0.02341369539499283,6237057750,85.72,61.3,90.60000000000001,6392706250.0
561,0.0,0.0294075645506382,6248175500,85.72,61.3,90.60000000000001,6392706250.0
562,0.0,0.026323003694415092,6259293250,85.72,61.3,90.60000000000001,6392706250.0
563,0.0,0.03853709623217583,6270411000,85.72,61.3,90.60000000000001,6392706250.0
564,0.0,0.026898881420493126,6281528750,85.72,61.3,90.60000000000001,6392706250.0
565,0.0,0.03594164550304413,6292646500,85.72,61.3,90.60000000000001,6392706250.0
566,0.0,0.030553827062249184,6303764250,85.72,61.3,90.60000000000001,6392706250.0
567,0.0,0.039221782237291336,6314882000,85.72,61.3,90.60000000000001,6392706250.0
568,0.0,0.02633948065340519,6325999750,85.72,61.3,90.60000000000001,6392706250.0
569,0.0,0.03355109691619873,6337117500,85.72,61.3,90.60000000000001,6392706250.0
570,0.0,0.02417001500725746,6348235250,85.72,61.3,90.60000000000001,6392706250.0
571,0.0,0.03330852463841438,6359353000,85.72,61.3,90.60000000000001,6392706250.0
572,0.0,0.018544992431998253,6370470750,85.72,61.3,90.60000000000001,6392706250.0
573,0.0,0.02988535724580288,6381588500,85.72,61.3,90.60000000000001,6392706250.0
574,0.0,0.024214431643486023,6392706250,86.01,75.1,90.60000000000001,6648414500.0
575,0.0,0.03754293546080589,6403824000,86.01,75.1,90.60000000000001,6648414500.0
576,0.0,0.02964242734014988,6414941750,86.01,75.1,90.60000000000001,6648414500.0
577,0.0,0.03472157567739487,6426059500,86.01,75.1,90.60000000000001,6648414500.0
578,0.0,0.024420538917183876,6437177250,86.01,75.1,90.60000000000001,6648414500.0
579,0.0,0.02757357992231846,6448295000,86.01,75.1,90.60000000000001,6648414500.0
580,0.0,0.02131045237183571,6459412750,86.01,75.1,90.60000000000001,6648414500.0
581,0.0,0.028662284836173058,6470530500,86.01,75.1,90.60000000000001,6648414500.0
582,0.0,0.023250162601470947,6481648250,86.01,75.1,90.60000000000001,6648414500.0
583,0.0,0.030533654615283012,6492766000,86.01,75.1,90.60000000000001,6648414500.0
584,0.0,0.03519913926720619,6503883750,86.01,75.1,90.60000000000001,6648414500.0
585,0.0,0.03609886392951012,6515001500,86.01,75.1,90.60000000000001,6648414500.0
586,0.0,0.028455650433897972,6526119250,86.01,75.1,90.60000000000001,6648414500.0
587,0.0,0.03829970583319664,6537237000,86.01,75.1,90.60000000000001,6648414500.0
588,0.0,0.030981814488768578,6548354750,86.01,75.1,90.60000000000001,6648414500.0
589,0.0,0.03533323109149933,6559472500,86.01,75.1,90.60000000000001,6648414500.0
590,0.0,0.02817597985267639,6570590250,86.01,75.1,90.60000000000001,6648414500.0
591,0.0,0.04111853614449501,6581708000,86.01,75.1,90.60000000000001,6648414500.0
592,0.0,0.032472047954797745,6592825750,86.01,75.1,90.60000000000001,6648414500.0
593,0.0,0.03759799897670746,6603943500,86.01,75.1,90.60000000000001,6648414500.0
594,0.0,0.028224680572748184,6615061250,86.01,75.1,90.60000000000001,6648414500.0
595,0.0,0.03450058773159981,6626179000,86.01,75.1,90.60000000000001,6648414500.0
596,0.0,0.03201866149902344,6637296750,86.01,75.1,90.60000000000001,6648414500.0
597,0.0,0.03265409916639328,6648414500,87.39500000000001,64.8,91.7,6904122750.0
598,0.0,0.025964876636862755,6659532250,87.39500000000001,64.8,91.7,6904122750.0
599,0.0,0.032684095203876495,6670650000,87.39500000000001,64.8,91.7,6904122750.0
600,0.0,0.026806285604834557,6681767750,87.39500000000001,64.8,91.7,6904122750.0
601,0.0,0.030664829537272453,6692885500,87.39500000000001,64.8,91.7,6904122750.0
602,0.0,0.02727794460952282,6704003250,87.39500000000001,64.8,91.7,6904122750.0
603,0.0,0.0295714084059,6715121000,87.39500000000001,64.8,91.7,6904122750.0
604,0.0,0.01825825311243534,6726238750,87.39500000000001,64.8,91.7,6904122750.0
605,0.0,0.020632637664675713,6737356500,87.39500000000001,64.8,91.7,6904122750.0
606,0.0,0.019030043855309486,6748474250,87.39500000000001,64.8,91.7,6904122750.0
607,0.0,0.027436895295977592,6759592000,87.39500000000001,64.8,91.7,6904122750.0
608,0.0,0.017756659537553787,6770709750,87.39500000000001,64.8,91.7,6904122750.0
609,0.0,0.017763203009963036,6781827500,87.39500000000001,64.8,91.7,6904122750.0
610,0.0,0.020087480545043945,6792945250,87.39500000000001,64.8,91.7,6904122750.0
611,0.0,0.02928161434829235,6804063000,87.39500000000001,64.8,91.7,6904122750.0
612,0.0,0.01945856772363186,6815180750,87.39500000000001,64.8,91.7,6904122750.0
613,0.0,0.021688183769583702,6826298500,87.39500000000001,64.8,91.7,6904122750.0
614,0.0,0.01819608360528946,6837416250,87.39500000000001,64.8,91.7,6904122750.0
615,0.0,0.023798655718564987,6848534000,87.39500000000001,64.8,91.7,6904122750.0
616,0.0,0.01953844726085663,6859651750,87.39500000000001,64.8,91.7,6904122750.0
617,0.0,0.027495531365275383,6870769500,87.39500000000001,64.8,91.7,6904122750.0
618,0.0,0.0184639822691679,6881887250,87.39500000000001,64.8,91.7,6904122750.0
619,0.0,0.02517961896955967,6893005000,87.39500000000001,64.8,91.7,6904122750.0
620,0.0,0.025653479620814323,6904122750,88.63000000000001,68.60000000000001,92.9,7159831000.0
621,0.0,0.03243568167090416,6915240500,88.63000000000001,68.60000000000001,92.9,7159831000.0
622,0.0,0.01954944245517254,6926358250,88.63000000000001,68.60000000000001,92.9,7159831000.0
623,0.0,0.030713358893990517,6937476000,88.63000000000001,68.60000000000001,92.9,7159831000.0
624,0.0,0.02547256089746952,6948593750,88.63000000000001,68.60000000000001,92.9,7159831000.0
625,0.0,0.029787614941596985,6959711500,88.63000000000001,68.60000000000001,92.9,7159831000.0
626,0.0,0.024105435237288475,6970829250,88.63000000000001,68.60000000000001,92.9,7159831000.0
627,0.0,0.02345168963074684,6981947000,88.63000000000001,68.60000000000001,92.9,7159831000.0
628,0.0,0.0200795941054821,6993064750,88.63000000000001,68.60000000000001,92.9,7159831000.0
629,0.0,0.02043035812675953,7004182500,88.63000000000001,68.60000000000001,92.9,7159831000.0
630,0.0,0.02696753852069378,7015300250,88.63000000000001,68.60000000000001,92.9,7159831000.0
631,0.0,0.022688841447234154,7026418000,88.63000000000001,68.60000000000001,92.9,7159831000.0
632,0.0,0.030057528987526894,7037535750,88.63000000000001,68.60000000000001,92.9,7159831000.0
633,0.0,0.02450263313949108,7048653500,88.63000000000001,68.60000000000001,92.9,7159831000.0
634,0.0,0.026440951973199844,7059771250,88.63000000000001,68.60000000000001,92.9,7159831000.0
635,0.0,0.024469641968607903,7070889000,88.63000000000001,68.60000000000001,92.9,7159831000.0
636,0.0,0.021076764911413193,7082006750,88.63000000000001,68.60000000000001,92.9,7159831000.0
637,0.0,0.02008632943034172,7093124500,88.63000000000001,68.60000000000001,92.9,7159831000.0
638,0.0,0.022734861820936203,7104242250,88.63000000000001,68.60000000000001,92.9,7159831000.0
639,0.0,0.02034393884241581,7115360000,88.63000000000001,68.60000000000001,92.9,7159831000.0
640,0.0,0.018144456669688225,7126477750,88.63000000000001,68.60000000000001,92.9,7159831000.0
641,0.0,0.014690302312374115,7137595500,88.63000000000001,68.60000000000001,92.9,7159831000.0
642,0.0,0.018652603030204773,7148713250,88.63000000000001,68.60000000000001,92.9,7159831000.0
643,0.0,0.022480657324194908,7159831000,89.73999999999998,73.8,92.30000000000001,7415539250.0
644,0.0,0.02783004753291607,7170948750,89.73999999999998,73.8,92.30000000000001,7415539250.0
645,0.0,0.018218664452433586,7182066500,89.73999999999998,73.8,92.30000000000001,7415539250.0
646,0.0,0.020457971841096878,7193184250,89.73999999999998,73.8,92.30000000000001,7415539250.0
647,0.0,0.02098480798304081,7204302000,89.73999999999998,73.8,92.30000000000001,7415539250.0
648,0.0,0.02099890075623989,7215419750,89.73999999999998,73.8,92.30000000000001,7415539250.0
649,0.0,0.025743788108229637,7226537500,89.73999999999998,73.8,92.30000000000001,7415539250.0
650,0.0,0.01997135393321514,7237655250,89.73999999999998,73.8,92.30000000000001,7415539250.0
651,0.0,0.02247050032019615,7248773000,89.73999999999998,73.8,92.30000000000001,7415539250.0
652,0.0,0.01772226020693779,7259890750,89.73999999999998,73.8,92.30000000000001,7415539250.0
653,0.0,0.02252904325723648,7271008500,89.73999999999998,73.8,92.30000000000001,7415539250.0
654,0.0,0.017411794513463974,7282126250,89.73999999999998,73.8,92.30000000000001,7415539250.0
655,0.0,0.024820830672979355,7293244000,89.73999999999998,73.8,92.30000000000001,7415539250.0
656,0.0,0.017821526154875755,7304361750,89.73999999999998,73.8,92.30000000000001,7415539250.0
657,0.0,0.01812741346657276,7315479500,89.73999999999998,73.8,92.30000000000001,7415539250.0
658,0.0,0.016317466273903847,7326597250,89.73999999999998,73.8,92.30000000000001,7415539250.0
659,0.0,0.019047504290938377,7337715000,89.73999999999998,73.8,92.30000000000001,7415539250.0
660,0.0,0.015784455463290215,7348832750,89.73999999999998,73.8,92.30000000000001,7415539250.0
661,0.0,0.022083276882767677,7359950500,89.73999999999998,73.8,92.30000000000001,7415539250.0
662,0.0,0.01631811447441578,7371068250,89.73999999999998,73.8,92.30000000000001,7415539250.0
663,0.0,0.02100658416748047,7382186000,89.73999999999998,73.8,92.30000000000001,7415539250.0
664,0.0,0.017928173765540123,7393303750,89.73999999999998,73.8,92.30000000000001,7415539250.0
665,0.0,0.02369125559926033,7404421500,89.73999999999998,73.8,92.30000000000001,7415539250.0
666,0.0,0.017059003934264183,7415539250,89.2,75.7,92.5,7671247500.0
667,0.0,0.023216143250465393,7426657000,89.2,75.7,92.5,7671247500.0
668,0.0,0.02120044082403183,7437774750,89.2,75.7,92.5,7671247500.0
669,0.0,0.03163251653313637,7448892500,89.2,75.7,92.5,7671247500.0
670,0.0,0.028796423226594925,7460010250,89.2,75.7,92.5,7671247500.0
671,0.0,0.032125841826200485,7471128000,89.2,75.7,92.5,7671247500.0
672,0.0,0.023619825020432472,7482245750,89.2,75.7,92.5,7671247500.0
673,0.0,0.023166975006461143,7493363500,89.2,75.7,92.5,7671247500.0
674,0.0,0.020232252776622772,7504481250,89.2,75.7,92.5,7671247500.0
675,0.0,0.018854906782507896,7515599000,89.2,75.7,92.5,7671247500.0
676,0.0,0.018243063241243362,7526716750,89.2,75.7,92.5,7671247500.0
677,0.0,0.02211868017911911,7537834500,89.2,75.7,92.5,7671247500.0
678,0.0,0.019301408901810646,7548952250,89.2,75.7,92.5,7671247500.0
679,0.0,0.01927659474313259,7560070000,89.2,75.7,92.5,7671247500.0
680,0.0,0.015666745603084564,7571187750,89.2,75.7,92.5,7671247500.0
681,0.0,0.01863066852092743,7582305500,89.2,75.7,92.5,7671247500.0
682,0.0,0.020491212606430054,7593423250,89.2,75.7,92.5,7671247500.0
683,0.0,0.01842546835541725,7604541000,89.2,75.7,92.5,7671247500.0
684,0.0,0.014060412533581257,7615658750,89.2,75.7,92.5,7671247500.0
685,0.0,0.015155347064137459,7626776500,89.2,75.7,92.5,7671247500.0
686,0.0,0.012362547218799591,7637894250,89.2,75.7,92.5,7671247500.0
687,0.0,0.022556962445378304,7649012000,89.2,75.7,92.5,7671247500.0
688,0.0,0.019275229424238205,7660129750,89.2,75.7,92.5,7671247500.0
689,0.0,0.020686408504843712,7671247500,89.82000000000002,77.4,93.10000000000001,7926955750.0
690,0.0,0.016305916011333466,7682365250,89.82000000000002,77.4,93.10000000000001,7926955750.0
691,0.0,0.01485614012926817,7693483000,89.82000000000002,77.4,93.10000000000001,7926955750.0
692,0.0,0.01672712340950966,7704600750,89.82000000000002,77.4,93.10000000000001,7926955750.0
693,0.0,0.022474803030490875,7715718500,89.82000000000002,77.4,93.10000000000001,7926955750.0
694,0.0,0.01896241493523121,7726836250,89.82000000000002,77.4,93.10000000000001,7926955750.0
695,0.0,0.017510129138827324,7737954000,89.82000000000002,77.4,93.10000000000001,7926955750.0
696,0.0,0.019236914813518524,7749071750,89.82000000000002,77.4,93.10000000000001,7926955750.0
697,0.0,0.01924576610326767,7760189500,89.82000000000002,77.4,93.10000000000001,7926955750.0
698,0.0,0.021776936948299408,7771307250,89.82000000000002,77.4,93.10000000000001,7926955750.0
699,0.0,0.019159357994794846,7782425000,89.82000000000002,77.4,93.10000000000001,7926955750.0
700,0.0,0.0206111129373312,7793542750,89.82000000000002,77.4,93.10000000000001,7926955750.0
701,0.0,0.023353861644864082,7804660500,89.82000000000002,77.4,93.10000000000001,7926955750.0
702,0.0,0.020335013046860695,7815778250,89.82000000000002,77.4,93.10000000000001,7926955750.0
703,0.0,0.021383674815297127,7826896000,89.82000000000002,77.4,93.10000000000001,7926955750.0
704,0.0,0.02064766176044941,7838013750,89.82000000000002,77.4,93.10000000000001,7926955750.0
705,0.0,0.022755200043320656,7849131500,89.82000000000002,77.4,93.10000000000001,7926955750.0
706,0.0,0.022092534229159355,7860249250,89.82000000000002,77.4,93.10000000000001,7926955750.0
707,0.0,0.023922806605696678,7871367000,89.82000000000002,77.4,93.10000000000001,7926955750.0
708,0.0,0.026097429916262627,7882484750,89.82000000000002,77.4,93.10000000000001,7926955750.0
709,0.0,0.019322428852319717,7893602500,89.82000000000002,77.4,93.10000000000001,7926955750.0
710,0.0,0.01914958469569683,7904720250,89.82000000000002,77.4,93.10000000000001,7926955750.0
711,0.0,0.02035887911915779,7915838000,89.82000000000002,77.4,93.10000000000001,7926955750.0
712,0.0,0.020779384300112724,7926955750,90.295,64.7,93.10000000000001,8182664000.0
713,0.0,0.023267891258001328,7938073500,90.295,64.7,93.10000000000001,8182664000.0
714,0.0,0.023174574598670006,7949191250,90.295,64.7,93.10000000000001,8182664000.0
715,0.0,0.02194300852715969,7960309000,90.295,64.7,93.10000000000001,8182664000.0
716,0.0,0.02358258329331875,7971426750,90.295,64.7,93.10000000000001,8182664000.0
717,0.0,0.021005749702453613,7982544500,90.295,64.7,93.10000000000001,8182664000.0
718,0.0,0.0263654887676239,7993662250,90.295,64.7,93.10000000000001,8182664000.0
719,0.0,0.01757776364684105,8004780000,90.295,64.7,93.10000000000001,8182664000.0
720,0.0,0.02168535627424717,8015897750,90.295,64.7,93.10000000000001,8182664000.0
721,0.0,0.018870297819375992,8027015500,90.295,64.7,93.10000000000001,8182664000.0
722,0.0,0.02977912500500679,8038133250,90.295,64.7,93.10000000000001,8182664000.0
723,0.0,0.017278702929615974,8049251000,90.295,64.7,93.10000000000001,8182664000.0
724,0.0,0.026983274146914482,8060368750,90.295,64.7,93.10000000000001,8182664000.0
725,0.0,0.015636684373021126,8071486500,90.295,64.7,93.10000000000001,8182664000.0
726,0.0,0.02592114545404911,8082604250,90.295,64.7,93.10000000000001,8182664000.0
727,0.0,0.018322421237826347,8093722000,90.295,64.7,93.10000000000001,8182664000.0
728,0.0,0.02629704587161541,8104839750,90.295,64.7,93.10000000000001,8182664000.0
729,0.0,0.016742853447794914,8115957500,90.295,64.7,93.10000000000001,8182664000.0
730,0.0,0.02022501826286316,8127075250,90.295,64.7,93.10000000000001,8182664000.0
731,0.0,0.022473491728305817,8138193000,90.295,64.7,93.10000000000001,8182664000.0
732,0.0,0.020362386479973793,8149310750,90.295,64.7,93.10000000000001,8182664000.0
733,0.0,0.020696790888905525,8160428500,90.295,64.7,93.10000000000001,8182664000.0
734,0.0,0.024876555427908897,8171546250,90.295,64.7,93.10000000000001,8182664000.0
735,0.0,0.020282072946429253,8182664000,91.25,78.10000000000001,93.8,8438372250.0
736,0.0,0.016617489978671074,8193781750,91.25,78.10000000000001,93.8,8438372250.0
737,0.0,0.01489635743200779,8204899500,91.25,78.10000000000001,93.8,8438372250.0
738,0.0,0.016253970563411713,8216017250,91.25,78.10000000000001,93.8,8438372250.0
739,0.0,0.01553898025304079,8227135000,91.25,78.10000000000001,93.8,8438372250.0
740,0.0,0.017061671242117882,8238252750,91.25,78.10000000000001,93.8,8438372250.0
741,0.0,0.02097930572926998,8249370500,91.25,78.10000000000001,93.8,8438372250.0
742,0.0,0.021047329530119896,8260488250,91.25,78.10000000000001,93.8,8438372250.0
743,0.0,0.01923459582030773,8271606000,91.25,78.10000000000001,93.8,8438372250.0
744,0.0,0.015803003683686256,8282723750,91.25,78.10000000000001,93.8,8438372250.0
745,0.0,0.015119358897209167,8293841500,91.25,78.10000000000001,93.8,8438372250.0
746,0.0,0.011866883374750614,8304959250,91.25,78.10000000000001,93.8,8438372250.0
747,0.0,0.0157272107899189,8316077000,91.25,78.10000000000001,93.8,8438372250.0
748,0.0,0.015714652836322784,8327194750,91.25,78.10000000000001,93.8,8438372250.0
749,0.0,0.016185259446501732,8338312500,91.25,78.10000000000001,93.8,8438372250.0
750,0.0,0.014540985226631165,8349430250,91.25,78.10000000000001,93.8,8438372250.0
751,0.0,0.015914777293801308,8360548000,91.25,78.10000000000001,93.8,8438372250.0
752,0.0,0.01815466396510601,8371665750,91.25,78.10000000000001,93.8,8438372250.0
753,0.0,0.013874617405235767,8382783500,91.25,78.10000000000001,93.8,8438372250.0
754,0.0,0.013222704641520977,8393901250,91.25,78.10000000000001,93.8,8438372250.0
755,0.0,0.018043940886855125,8405019000,91.25,78.10000000000001,93.8,8438372250.0
756,0.0,0.018465112894773483,8416136750,91.25,78.10000000000001,93.8,8438372250.0
757,0.0,0.019521573558449745,8427254500,91.25,78.10000000000001,93.8,8438372250.0
758,0.0,0.018788112327456474,8438372250,91.95000000000002,84.39999999999999,93.8,8694080500.0
759,0.0,0.022138062864542007,8449490000,91.95000000000002,84.39999999999999,93.8,8694080500.0
760,0.0,0.01978933997452259,8460607750,91.95000000000002,84.39999999999999,93.8,8694080500.0
761,0.0,0.02140517346560955,8471725500,91.95000000000002,84.39999999999999,93.8,8694080500.0
762,0.0,0.016294797882437706,8482843250,91.95000000000002,84.39999999999999,93.8,8694080500.0
763,0.0,0.021401846781373024,8493961000,91.95000000000002,84.39999999999999,93.8,8694080500.0
764,0.0,0.019107196480035782,8505078750,91.95000000000002,84.39999999999999,93.8,8694080500.0
765,0.0,0.021815720945596695,8516196500,91.95000000000002,84.39999999999999,93.8,8694080500.0
766,0.0,0.016691969707608223,8527314250,91.95000000000002,84.39999999999999,93.8,8694080500.0
767,0.0,0.029859203845262527,8538432000,91.95000000000002,84.39999999999999,93.8,8694080500.0
768,0.0,0.024105120450258255,8549549750,91.95000000000002,84.39999999999999,93.8,8694080500.0
769,0.0,0.026765216141939163,8560667500,91.95000000000002,84.39999999999999,93.8,8694080500.0
770,0.0,0.017351603135466576,8571785250,91.95000000000002,84.39999999999999,93.8,8694080500.0
771,0.0,0.018155068159103394,8582903000,91.95000000000002,84.39999999999999,93.8,8694080500.0
772,0.0,0.016219766810536385,8594020750,91.95000000000002,84.39999999999999,93.8,8694080500.0
773,0.0,0.02042749710381031,8605138500,91.95000000000002,84.39999999999999,93.8,8694080500.0
774,0.0,0.015704264864325523,8616256250,91.95000000000002,84.39999999999999,93.8,8694080500.0
775,0.0,0.016036296263337135,8627374000,91.95000000000002,84.39999999999999,93.8,8694080500.0
776,0.0,0.013109462335705757,8638491750,91.95000000000002,84.39999999999999,93.8,8694080500.0
777,0.0,0.013582536950707436,8649609500,91.95000000000002,84.39999999999999,93.8,8694080500.0
778,0.0,0.009616062976419926,8660727250,91.95000000000002,84.39999999999999,93.8,8694080500.0
779,0.0,0.013331633992493153,8671845000,91.95000000000002,84.39999999999999,93.8,8694080500.0
780,0.0,0.015194542706012726,8682962750,91.95000000000002,84.39999999999999,93.8,8694080500.0
781,0.0,0.01230431068688631,8694080500,91.54499999999999,74.6,94.0,8949788750.0
782,0.0,0.013115502893924713,8705198250,91.54499999999999,74.6,94.0,8949788750.0
783,0.0,0.016093073412775993,8716316000,91.54499999999999,74.6,94.0,8949788750.0
784,0.0,0.01309494860470295,8727433750,91.54499999999999,74.6,94.0,8949788750.0
785,0.0,0.015208198688924313,8738551500,91.54499999999999,74.6,94.0,8949788750.0
786,0.0,0.012652779929339886,8749669250,91.54499999999999,74.6,94.0,8949788750.0
787,0.0,0.01795969530940056,8760787000,91.54499999999999,74.6,94.0,8949788750.0
788,0.0,0.013230212032794952,8771904750,91.54499999999999,74.6,94.0,8949788750.0
789,0.0,0.01602434180676937,8783022500,91.54499999999999,74.6,94.0,8949788750.0
790,0.0,0.01190211158245802,8794140250,91.54499999999999,74.6,94.0,8949788750.0
791,0.0,0.019812142476439476,8805258000,91.54499999999999,74.6,94.0,8949788750.0
792,0.0,0.011621562764048576,8816375750,91.54499999999999,74.6,94.0,8949788750.0
793,0.0,0.019251016899943352,8827493500,91.54499999999999,74.6,94.0,8949788750.0
794,0.0,0.017002763226628304,8838611250,91.54499999999999,74.6,94.0,8949788750.0
795,0.0,0.019612472504377365,8849729000,91.54499999999999,74.6,94.0,8949788750.0
796,0.0,0.022034352645277977,8860846750,91.54499999999999,74.6,94.0,8949788750.0
797,0.0,0.02528674714267254,8871964500,91.54499999999999,74.6,94.0,8949788750.0
798,0.0,0.021671874448657036,8883082250,91.54499999999999,74.6,94.0,8949788750.0
799,0.0,0.02957676351070404,8894200000,91.54499999999999,74.6,94.0,8949788750.0
800,0.0,0.025129223242402077,8905317750,91.54499999999999,74.6,94.0,8949788750.0
801,0.0,0.023783355951309204,8916435500,91.54499999999999,74.6,94.0,8949788750.0
802,0.0,0.02452290616929531,8927553250,91.54499999999999,74.6,94.0,8949788750.0
803,0.0,0.02621377818286419,8938671000,91.54499999999999,74.6,94.0,8949788750.0
804,0.0,0.018436100333929062,8949788750,92.69000000000003,87.7,94.19999999999999,9205497000.0
805,0.0,0.020627200603485107,8960906500,92.69000000000003,87.7,94.19999999999999,9205497000.0
806,0.0,0.021495958790183067,8972024250,92.69000000000003,87.7,94.19999999999999,9205497000.0
807,0.0,0.021005256101489067,8983142000,92.69000000000003,87.7,94.19999999999999,9205497000.0
808,0.0,0.016958871856331825,8994259750,92.69000000000003,87.7,94.19999999999999,9205497000.0
809,0.0,0.018545696511864662,9005377500,92.69000000000003,87.7,94.19999999999999,9205497000.0
810,0.0,0.014893214218318462,9016495250,92.69000000000003,87.7,94.19999999999999,9205497000.0
811,0.0,0.01368763204663992,9027613000,92.69000000000003,87.7,94.19999999999999,9205497000.0
812,0.0,0.011399316601455212,9038730750,92.69000000000003,87.7,94.19999999999999,9205497000.0
813,0.0,0.01647224836051464,9049848500,92.69000000000003,87.7,94.19999999999999,9205497000.0
814,0.0,0.014006375335156918,9060966250,92.69000000000003,87.7,94.19999999999999,9205497000.0
815,0.0,0.013587908819317818,9072084000,92.69000000000003,87.7,94.19999999999999,9205497000.0
816,0.0,0.015053275041282177,9083201750,92.69000000000003,87.7,94.19999999999999,9205497000.0
817,0.0,0.017662372440099716,9094319500,92.69000000000003,87.7,94.19999999999999,9205497000.0
818,0.0,0.01649806648492813,9105437250,92.69000000000003,87.7,94.19999999999999,9205497000.0
819,0.0,0.017484771087765694,9116555000,92.69000000000003,87.7,94.19999999999999,9205497000.0
820,0.0,0.01614575833082199,9127672750,92.69000000000003,87.7,94.19999999999999,9205497000.0
821,0.0,0.013712420128285885,9138790500,92.69000000000003,87.7,94.19999999999999,9205497000.0
822,0.0,0.012851170264184475,9149908250,92.69000000000003,87.7,94.19999999999999,9205497000.0
823,0.0,0.01184664387255907,9161026000,92.69000000000003,87.7,94.19999999999999,9205497000.0
824,0.0,0.01348164863884449,9172143750,92.69000000000003,87.7,94.19999999999999,9205497000.0
825,0.0,0.013510889373719692,9183261500,92.69000000000003,87.7,94.19999999999999,9205497000.0
826,0.0,0.011899183504283428,9194379250,92.69000000000003,87.7,94.19999999999999,9205497000.0
827,0.0,0.010999822057783604,9205497000,92.16,83.8,94.3,9461205250.0
828,0.0,0.011737044900655746,9216614750,92.16,83.8,94.3,9461205250.0
829,0.0,0.011473222635686398,9227732500,92.16,83.8,94.3,9461205250.0
830,0.0,0.009171389043331146,9238850250,92.16,83.8,94.3,9461205250.0
831,0.0,0.013063222169876099,9249968000,92.16,83.8,94.3,9461205250.0
832,0.0,0.009481987915933132,9261085750,92.16,83.8,94.3,9461205250.0
833,0.0,0.0099691366776824,9272203500,92.16,83.8,94.3,9461205250.0
834,0.0,0.007502162363380194,9283321250,92.16,83.8,94.3,9461205250.0
835,0.0,0.01273126807063818,9294439000,92.16,83.8,94.3,9461205250.0
836,0.0,0.009163315407931805,9305556750,92.16,83.8,94.3,9461205250.0
837,0.0,0.022394804283976555,9316674500,92.16,83.8,94.3,9461205250.0
838,0.0,0.016516445204615593,9327792250,92.16,83.8,94.3,9461205250.0
839,0.0,0.02199677750468254,9338910000,92.16,83.8,94.3,9461205250.0
840,0.0,0.016153795644640923,9350027750,92.16,83.8,94.3,9461205250.0
841,0.0,0.013701687566936016,9361145500,92.16,83.8,94.3,9461205250.0
842,0.0,0.014512568712234497,9372263250,92.16,83.8,94.3,9461205250.0
843,0.0,0.014645697548985481,9383381000,92.16,83.8,94.3,9461205250.0
844,0.0,0.015483761206269264,9394498750,92.16,83.8,94.3,9461205250.0
845,0.0,0.021777885034680367,9405616500,92.16,83.8,94.3,9461205250.0
846,0.0,0.015655092895030975,9416734250,92.16,83.8,94.3,9461205250.0
847,0.0,0.029347488656640053,9427852000,92.16,83.8,94.3,9461205250.0
848,0.0,0.016686653718352318,9438969750,92.16,83.8,94.3,9461205250.0
849,0.0,0.029234949499368668,9450087500,92.16,83.8,94.3,9461205250.0
850,0.0,0.02405773103237152,9461205250,93.88000000000001,92.5,94.6,9716913500.0
851,0.0,0.028503848239779472,9472323000,93.88000000000001,92.5,94.6,9716913500.0
852,0.0,0.01397422980517149,9483440750,93.88000000000001,92.5,94.6,9716913500.0
853,0.0,0.013581677339971066,9494558500,93.88000000000001,92.5,94.6,9716913500.0
854,0.0,0.011683776043355465,9505676250,93.88000000000001,92.5,94.6,9716913500.0
855,0.0,0.014606348238885403,9516794000,93.88000000000001,92.5,94.6,9716913500.0
856,0.0,0.011519118212163448,9527911750,93.88000000000001,92.5,94.6,9716913500.0
857,0.0,0.015586882829666138,9539029500,93.88000000000001,92.5,94.6,9716913500.0
858,0.0,0.012364308349788189,9550147250,93.88000000000001,92.5,94.6,9716913500.0
859,0.0,0.017836786806583405,9561265000,93.88000000000001,92.5,94.6,9716913500.0
860,0.0,0.0148458331823349,9572382750,93.88000000000001,92.5,94.6,9716913500.0
861,0.0,0.01489623636007309,9583500500,93.88000000000001,92.5,94.6,9716913500.0
862,0.0,0.008514320477843285,9594618250,93.88000000000001,92.5,94.6,9716913500.0
863,0.0,0.016297822818160057,9605736000,93.88000000000001,92.5,94.6,9716913500.0
864,0.0,0.013717914000153542,9616853750,93.88000000000001,92.5,94.6,9716913500.0
865,0.0,0.010770128108561039,9627971500,93.88000000000001,92.5,94.6,9716913500.0
866,0.0,0.00812277477234602,9639089250,93.88000000000001,92.5,94.6,9716913500.0
867,0.0,0.009253337979316711,9650207000,93.88000000000001,92.5,94.6,9716913500.0
868,0.0,0.010582678020000458,9661324750,93.88000000000001,92.5,94.6,9716913500.0
869,0.0,0.012566222809255123,9672442500,93.88000000000001,92.5,94.6,9716913500.0
870,0.0,0.012104683555662632,9683560250,93.88000000000001,92.5,94.6,9716913500.0
871,0.0,0.008584338240325451,9694678000,93.88000000000001,92.5,94.6,9716913500.0
872,0.0,0.008069843053817749,9705795750,93.88000000000001,92.5,94.6,9716913500.0
873,0.0,0.006342791952192783,9716913500,92.89999999999999,85.9,94.6,9972621750.0
874,0.0,0.007210961077362299,9728031250,92.89999999999999,85.9,94.6,9972621750.0
875,0.0,0.007723623421043158,9739149000,92.89999999999999,85.9,94.6,9972621750.0
876,0.0,0.009331336244940758,9750266750,92.89999999999999,85.9,94.6,9972621750.0
877,0.0,0.008575589396059513,9761384500,92.89999999999999,85.9,94.6,9972621750.0
878,0.0,0.014126601628959179,9772502250,92.89999999999999,85.9,94.6,9972621750.0
879,0.0,0.011661638505756855,9783620000,92.89999999999999,85.9,94.6,9972621750.0
880,0.0,0.012163642793893814,9794737750,92.89999999999999,85.9,94.6,9972621750.0
881,0.0,0.014054392464458942,9805855500,92.89999999999999,85.9,94.6,9972621750.0
882,0.0,0.015712160617113113,9816973250,92.89999999999999,85.9,94.6,9972621750.0
883,0.0,0.015190857462584972,9828091000,92.89999999999999,85.9,94.6,9972621750.0
884,0.0,0.01659850962460041,9839208750,92.89999999999999,85.9,94.6,9972621750.0
885,0.0,0.014846764504909515,9850326500,92.89999999999999,85.9,94.6,9972621750.0
886,0.0,0.01600569300353527,9861444250,92.89999999999999,85.9,94.6,9972621750.0
887,0.0,0.010811734944581985,9872562000,92.89999999999999,85.9,94.6,9972621750.0
888,0.0,0.008421426638960838,9883679750,92.89999999999999,85.9,94.6,9972621750.0
889,0.0,0.006738463882356882,9894797500,92.89999999999999,85.9,94.6,9972621750.0
890,0.0,0.009233935736119747,9905915250,92.89999999999999,85.9,94.6,9972621750.0
891,0.0,0.007084017153829336,9917033000,92.89999999999999,85.9,94.6,9972621750.0
892,0.0,0.008847762830555439,9928150750,92.89999999999999,85.9,94.6,9972621750.0
893,0.0,0.008596445433795452,9939268500,92.89999999999999,85.9,94.6,9972621750.0
894,0.0,0.012469622306525707,9950386250,92.89999999999999,85.9,94.6,9972621750.0
895,0.0,0.01953255943953991,9961504000,92.89999999999999,85.9,94.6,9972621750.0
896,0.0,0.020656917244195938,9972621750,92.405,69.3,94.89999999999999,10228330000.0
897,0.0,0.01713981293141842,9983739500,92.405,69.3,94.89999999999999,10228330000.0
898,0.0,0.013066427782177925,9994857250,92.405,69.3,94.89999999999999,10228330000.0
899,0.0,0.01370773185044527,10005975000,92.405,69.3,94.89999999999999,10228330000.0
900,0.0,0.012106439098715782,10017092750,92.405,69.3,94.89999999999999,10228330000.0
901,0.0,0.014936893247067928,10028210500,92.405,69.3,94.89999999999999,10228330000.0
902,0.0,0.013378538191318512,10039328250,92.405,69.3,94.89999999999999,10228330000.0
903,0.0,0.012533389031887054,10050446000,92.405,69.3,94.89999999999999,10228330000.0
904,0.0,0.014284002594649792,10061563750,92.405,69.3,94.89999999999999,10228330000.0
905,0.0,0.014151955023407936,10072681500,92.405,69.3,94.89999999999999,10228330000.0
906,0.0,0.013042772188782692,10083799250,92.405,69.3,94.89999999999999,10228330000.0
907,0.0,0.015439565293490887,10094917000,92.405,69.3,94.89999999999999,10228330000.0
908,0.0,0.017508966848254204,10106034750,92.405,69.3,94.89999999999999,10228330000.0
909,0.0,0.015248839743435383,10117152500,92.405,69.3,94.89999999999999,10228330000.0
910,0.0,0.010293395258486271,10128270250,92.405,69.3,94.89999999999999,10228330000.0
911,0.0,0.01512619387358427,10139388000,92.405,69.3,94.89999999999999,10228330000.0
912,0.0,0.012252182699739933,10150505750,92.405,69.3,94.89999999999999,10228330000.0
913,0.0,0.014144355431199074,10161623500,92.405,69.3,94.89999999999999,10228330000.0
914,0.0,0.014487653970718384,10172741250,92.405,69.3,94.89999999999999,10228330000.0
915,0.0,0.012735250405967236,10183859000,92.405,69.3,94.89999999999999,10228330000.0
916,0.0,0.012329832650721073,10194976750,92.405,69.3,94.89999999999999,10228330000.0
917,0.0,0.012673084624111652,10206094500,92.405,69.3,94.89999999999999,10228330000.0
918,0.0,0.011834290809929371,10217212250,92.405,69.3,94.89999999999999,10228330000.0
919,0.0,0.015364659018814564,10228330000,91.88000000000001,71.7,94.89999999999999,10484038250.0
920,0.0,0.010319479741156101,10239447750,91.88000000000001,71.7,94.89999999999999,10484038250.0
921,0.0,0.013358892872929573,10250565500,91.88000000000001,71.7,94.89999999999999,10484038250.0
922,0.0,0.01638694666326046,10261683250,91.88000000000001,71.7,94.89999999999999,10484038250.0
923,0.0,0.017531540244817734,10272801000,91.88000000000001,71.7,94.89999999999999,10484038250.0
924,0.0,0.013868545182049274,10283918750,91.88000000000001,71.7,94.89999999999999,10484038250.0
925,0.0,0.013976152054965496,10295036500,91.88000000000001,71.7,94.89999999999999,10484038250.0
926,0.0,0.012601724825799465,10306154250,91.88000000000001,71.7,94.89999999999999,10484038250.0
927,0.0,0.0191911943256855,10317272000,91.88000000000001,71.7,94.89999999999999,10484038250.0
928,0.0,0.01791694574058056,10328389750,91.88000000000001,71.7,94.89999999999999,10484038250.0
929,0.0,0.012569138780236244,10339507500,91.88000000000001,71.7,94.89999999999999,10484038250.0
930,0.0,0.010291061364114285,10350625250,91.88000000000001,71.7,94.89999999999999,10484038250.0
931,0.0,0.01537845004349947,10361743000,91.88000000000001,71.7,94.89999999999999,10484038250.0
932,0.0,0.013922261074185371,10372860750,91.88000000000001,71.7,94.89999999999999,10484038250.0
933,0.0,0.01757133938372135,10383978500,91.88000000000001,71.7,94.89999999999999,10484038250.0
934,0.0,0.013798530213534832,10395096250,91.88000000000001,71.7,94.89999999999999,10484038250.0
935,0.0,0.020072167739272118,10406214000,91.88000000000001,71.7,94.89999999999999,10484038250.0
936,0.0,0.01747499778866768,10417331750,91.88000000000001,71.7,94.89999999999999,10484038250.0
937,0.0,0.017106883227825165,10428449500,91.88000000000001,71.7,94.89999999999999,10484038250.0
938,0.0,0.017128806561231613,10439567250,91.88000000000001,71.7,94.89999999999999,10484038250.0
939,0.0,0.0142049016430974,10450685000,91.88000000000001,71.7,94.89999999999999,10484038250.0
940,0.0,0.015833888202905655,10461802750,91.88000000000001,71.7,94.89999999999999,10484038250.0
941,0.0,0.015223626978695393,10472920500,91.88000000000001,71.7,94.89999999999999,10484038250.0
942,0.0,0.01775137148797512,10484038250,93.675,87.0,95.1,10739746500.0
943,0.0,0.01767526939511299,10495156000,93.675,87.0,95.1,10739746500.0
944,0.0,0.020688630640506744,10506273750,93.675,87.0,95.1,10739746500.0
945,0.0,0.019197726622223854,10517391500,93.675,87.0,95.1,10739746500.0
946,0.0,0.01249430701136589,10528509250,93.675,87.0,95.1,10739746500.0
947,0.0,0.014061212539672852,10539627000,93.675,87.0,95.1,10739746500.0
948,0.0,0.008464195765554905,10550744750,93.675,87.0,95.1,10739746500.0
949,0.0,0.011434350162744522,10561862500,93.675,87.0,95.1,10739746500.0
950,0.0,0.0077444338239729404,10572980250,93.675,87.0,95.1,10739746500.0
951,0.0,0.007441858295351267,10584098000,93.675,87.0,95.1,10739746500.0
952,0.0,0.005748362746089697,10595215750,93.675,87.0,95.1,10739746500.0
953,0.0,0.008074822835624218,10606333500,93.675,87.0,95.1,10739746500.0
954,0.0,0.006573222577571869,10617451250,93.675,87.0,95.1,10739746500.0
955,0.0,0.0075152176432311535,10628569000,93.675,87.0,95.1,10739746500.0
956,0.0,0.0052880155853927135,10639686750,93.675,87.0,95.1,10739746500.0
957,0.0,0.006575524341315031,10650804500,93.675,87.0,95.1,10739746500.0
958,0.0,0.007547137327492237,10661922250,93.675,87.0,95.1,10739746500.0
959,0.0,0.010302141308784485,10673040000,93.675,87.0,95.1,10739746500.0
960,0.0,0.01289753895252943,10684157750,93.675,87.0,95.1,10739746500.0
961,0.0,0.008088375441730022,10695275500,93.675,87.0,95.1,10739746500.0
962,0.0,0.010577543638646603,10706393250,93.675,87.0,95.1,10739746500.0
963,0.0,0.007808020804077387,10717511000,93.675,87.0,95.1,10739746500.0
964,0.0,0.008274383842945099,10728628750,93.675,87.0,95.1,10739746500.0
965,0.0,0.012679601088166237,10739746500,94.52000000000001,93.4,95.3,10995454750.0
966,0.0,0.012506047263741493,10750864250,94.52000000000001,93.4,95.3,10995454750.0
967,0.0,0.01095596980303526,10761982000,94.52000000000001,93.4,95.3,10995454750.0
968,0.0,0.011586382053792477,10773099750,94.52000000000001,93.4,95.3,10995454750.0
969,0.0,0.008561107330024242,10784217500,94.52000000000001,93.4,95.3,10995454750.0
970,0.0,0.007562124636024237,10795335250,94.52000000000001,93.4,95.3,10995454750.0
971,0.0,0.006506375968456268,10806453000,94.52000000000001,93.4,95.3,10995454750.0
972,0.0,0.007200343068689108,10817570750,94.52000000000001,93.4,95.3,10995454750.0
973,0.0,0.008436759002506733,10828688500,94.52000000000001,93.4,95.3,10995454750.0
974,0.0,0.017276789993047714,10839806250,94.52000000000001,93.4,95.3,10995454750.0
975,0.0,0.01328317541629076,10850924000,94.52000000000001,93.4,95.3,10995454750.0
976,0.0,0.010585370473563671,10862041750,94.52000000000001,93.4,95.3,10995454750.0
977,0.0,0.008939014747738838,10873159500,94.52000000000001,93.4,95.3,10995454750.0
978,0.0,0.013100812211632729,10884277250,94.52000000000001,93.4,95.3,10995454750.0
979,0.0,0.008472881279885769,10895395000,94.52000000000001,93.4,95.3,10995454750.0
980,0.0,0.011310950852930546,10906512750,94.52000000000001,93.4,95.3,10995454750.0
981,0.0,0.008861514739692211,10917630500,94.52000000000001,93.4,95.3,10995454750.0
982,0.0,0.01089268084615469,10928748250,94.52000000000001,93.4,95.3,10995454750.0
983,0.0,0.007005661725997925,10939866000,94.52000000000001,93.4,95.3,10995454750.0
984,0.0,0.006572847720235586,10950983750,94.52000000000001,93.4,95.3,10995454750.0
985,0.0,0.0073011997155845165,10962101500,94.52000000000001,93.4,95.3,10995454750.0
986,0.0,0.011563404463231564,10973219250,94.52000000000001,93.4,95.3,10995454750.0
987,0.0,0.012779454700648785,10984337000,94.52000000000001,93.4,95.3,10995454750.0
988,0.0,0.006948127876967192,10995454750,92.205,66.7,95.3,11251163000.0
989,0.0,0.005824201740324497,11006572500,92.205,66.7,95.3,11251163000.0
990,0.0,0.006265443749725819,11017690250,92.205,66.7,95.3,11251163000.0
991,0.0,0.007931014522910118,11028808000,92.205,66.7,95.3,11251163000.0
992,0.0,0.007070542778819799,11039925750,92.205,66.7,95.3,11251163000.0
993,0.0,0.007645905017852783,11051043500,92.205,66.7,95.3,11251163000.0
994,0.0,0.009985985234379768,11062161250,92.205,66.7,95.3,11251163000.0
995,0.0,0.012546032667160034,11073279000,92.205,66.7,95.3,11251163000.0
996,0.0,0.01122626569122076,11084396750,92.205,66.7,95.3,11251163000.0
997,0.0,0.010573095642030239,11095514500,92.205,66.7,95.3,11251163000.0
998,0.0,0.015783531591296196,11106632250,92.205,66.7,95.3,11251163000.0
999,0.0,0.010403518564999104,11117750000,92.205,66.7,95.3,11251163000.0
1000,0.0,0.021877093240618706,11128867750,92.205,66.7,95.3,11251163000.0
1001,0.0,0.01839430257678032,11139985500,92.205,66.7,95.3,11251163000.0
1002,0.0,0.0215517096221447,11151103250,92.205,66.7,95.3,11251163000.0
1003,0.0,0.01717466488480568,11162221000,92.205,66.7,95.3,11251163000.0
1004,0.0,0.013926525600254536,11173338750,92.205,66.7,95.3,11251163000.0
1005,0.0,0.01499191578477621,11184456500,92.205,66.7,95.3,11251163000.0
1006,0.0,0.014242519624531269,11195574250,92.205,66.7,95.3,11251163000.0
1007,0.0,0.020273244008421898,11206692000,92.205,66.7,95.3,11251163000.0
1008,0.0,0.015909120440483093,11217809750,92.205,66.7,95.3,11251163000.0
1009,0.0,0.019406121224164963,11228927500,92.205,66.7,95.3,11251163000.0
1010,0.0,0.01684778556227684,11240045250,92.205,66.7,95.3,11251163000.0
1011,0.0,0.018890218809247017,11251163000,93.20500000000001,73.4,95.3,11506871250.0
1012,0.0,0.013945775106549263,11262280750,93.20500000000001,73.4,95.3,11506871250.0
1013,0.0,0.015897806733846664,11273398500,93.20500000000001,73.4,95.3,11506871250.0
1014,0.0,0.012886138632893562,11284516250,93.20500000000001,73.4,95.3,11506871250.0
1015,0.0,0.015852663666009903,11295634000,93.20500000000001,73.4,95.3,11506871250.0
1016,0.0,0.014584018848836422,11306751750,93.20500000000001,73.4,95.3,11506871250.0
1017,0.0,0.013861769810318947,11317869500,93.20500000000001,73.4,95.3,11506871250.0
1018,0.0,0.011325102299451828,11328987250,93.20500000000001,73.4,95.3,11506871250.0
1019,0.0,0.012759188190102577,11340105000,93.20500000000001,73.4,95.3,11506871250.0
1020,0.0,0.012478838674724102,11351222750,93.20500000000001,73.4,95.3,11506871250.0
1021,0.0,0.011984068900346756,11362340500,93.20500000000001,73.4,95.3,11506871250.0
1022,0.0,0.011322876438498497,11373458250,93.20500000000001,73.4,95.3,11506871250.0
1023,0.0,0.016756942495703697,11384576000,93.20500000000001,73.4,95.3,11506871250.0
1024,0.0,0.014998147264122963,11395693750,93.20500000000001,73.4,95.3,11506871250.0
1025,0.0,0.022255761548876762,11406811500,93.20500000000001,73.4,95.3,11506871250.0
1026,0.0,0.01742701791226864,11417929250,93.20500000000001,73.4,95.3,11506871250.0
1027,0.0,0.01643657684326172,11429047000,93.20500000000001,73.4,95.3,11506871250.0
1028,0.0,0.01721981354057789,11440164750,93.20500000000001,73.4,95.3,11506871250.0
1029,0.0,0.01641712710261345,11451282500,93.20500000000001,73.4,95.3,11506871250.0
1030,0.0,0.01807577721774578,11462400250,93.20500000000001,73.4,95.3,11506871250.0
1031,0.0,0.0141923101618886,11473518000,93.20500000000001,73.4,95.3,11506871250.0
1032,0.0,0.01672213152050972,11484635750,93.20500000000001,73.4,95.3,11506871250.0
1033,0.0,0.016635922715067863,11495753500,93.20500000000001,73.4,95.3,11506871250.0
1034,0.0,0.019551968201994896,11506871250,94.25999999999999,90.4,95.5,11762579500.0
1035,0.0,0.017700424417853355,11517989000,94.25999999999999,90.4,95.5,11762579500.0
1036,0.0,0.013715698383748531,11529106750,94.25999999999999,90.4,95.5,11762579500.0
1037,0.0,0.009991589933633804,11540224500,94.25999999999999,90.4,95.5,11762579500.0
1038,0.0,0.011154278181493282,11551342250,94.25999999999999,90.4,95.5,11762579500.0
1039,0.0,0.013733494095504284,11562460000,94.25999999999999,90.4,95.5,11762579500.0
1040,0.0,0.009120154194533825,11573577750,94.25999999999999,90.4,95.5,11762579500.0
1041,0.0,0.011508982628583908,11584695500,94.25999999999999,90.4,95.5,11762579500.0
1042,0.0,0.010944811627268791,11595813250,94.25999999999999,90.4,95.5,11762579500.0
1043,0.0,0.011759061366319656,11606931000,94.25999999999999,90.4,95.5,11762579500.0
1044,0.0,0.01358016487210989,11618048750,94.25999999999999,90.4,95.5,11762579500.0
1045,0.0,0.009902184829115868,11629166500,94.25999999999999,90.4,95.5,11762579500.0
1046,0.0,0.010775844566524029,11640284250,94.25999999999999,90.4,95.5,11762579500.0
1047,0.0,0.008670147508382797,11651402000,94.25999999999999,90.4,95.5,11762579500.0
1048,0.0,0.011761780828237534,11662519750,94.25999999999999,90.4,95.5,11762579500.0
1049,0.0,0.008025079034268856,11673637500,94.25999999999999,90.4,95.5,11762579500.0
1050,0.0,0.011149653233587742,11684755250,94.25999999999999,90.4,95.5,11762579500.0
1051,0.0,0.007076943758875132,11695873000,94.25999999999999,90.4,95.5,11762579500.0
1052,0.0,0.009946472011506557,11706990750,94.25999999999999,90.4,95.5,11762579500.0
1053,0.0,0.010739174671471119,11718108500,94.25999999999999,90.4,95.5,11762579500.0
1054,0.0,0.01162030827254057,11729226250,94.25999999999999,90.4,95.5,11762579500.0
1055,0.0,0.009153342805802822,11740344000,94.25999999999999,90.4,95.5,11762579500.0
1056,0.0,0.009664950892329216,11751461750,94.25999999999999,90.4,95.5,11762579500.0
1057,0.0,0.010955842211842537,11762579500,94.08499999999998,86.5,95.6,12018287750.0
1058,0.0,0.008502652868628502,11773697250,94.08499999999998,86.5,95.6,12018287750.0
1059,0.0,0.007744503673166037,11784815000,94.08499999999998,86.5,95.6,12018287750.0
1060,0.0,0.00692016864195466,11795932750,94.08499999999998,86.5,95.6,12018287750.0
1061,0.0,0.006147329695522785,11807050500,94.08499999999998,86.5,95.6,12018287750.0
1062,0.0,0.006365512497723103,11818168250,94.08499999999998,86.5,95.6,12018287750.0
1063,0.0,0.005814341362565756,11829286000,94.08499999999998,86.5,95.6,12018287750.0
1064,0.0,0.005472573917359114,11840403750,94.08499999999998,86.5,95.6,12018287750.0
1065,0.0,0.007388518191874027,11851521500,94.08499999999998,86.5,95.6,12018287750.0
1066,0.0,0.005494614597409964,11862639250,94.08499999999998,86.5,95.6,12018287750.0
1067,0.0,0.00528753362596035,11873757000,94.08499999999998,86.5,95.6,12018287750.0
1068,0.0,0.00541269825771451,11884874750,94.08499999999998,86.5,95.6,12018287750.0
1069,0.0,0.007940585725009441,11895992500,94.08499999999998,86.5,95.6,12018287750.0
1070,0.0,0.005510041024535894,11907110250,94.08499999999998,86.5,95.6,12018287750.0
1071,0.0,0.013334894552826881,11918228000,94.08499999999998,86.5,95.6,12018287750.0
1072,0.0,0.010772702284157276,11929345750,94.08499999999998,86.5,95.6,12018287750.0
1073,0.0,0.01124526932835579,11940463500,94.08499999999998,86.5,95.6,12018287750.0
1074,0.0,0.007386100944131613,11951581250,94.08499999999998,86.5,95.6,12018287750.0
1075,0.0,0.011126975528895855,11962699000,94.08499999999998,86.5,95.6,12018287750.0
1076,0.0,0.009780114516615868,11973816750,94.08499999999998,86.5,95.6,12018287750.0
1077,0.0,0.015466309152543545,11984934500,94.08499999999998,86.5,95.6,12018287750.0
1078,0.0,0.013911384157836437,11996052250,94.08499999999998,86.5,95.6,12018287750.0
1079,0.0,0.012981566600501537,12007170000,94.08499999999998,86.5,95.6,12018287750.0
1080,0.0,0.016560479998588562,12018287750,93.37999999999998,80.9,95.8,12273996000.0
1081,0.0,0.012441245838999748,12029405500,93.37999999999998,80.9,95.8,12273996000.0
1082,0.0,0.008784870617091656,12040523250,93.37999999999998,80.9,95.8,12273996000.0
1083,0.0,0.009531905874609947,12051641000,93.37999999999998,80.9,95.8,12273996000.0
1084,0.0,0.009337017312645912,12062758750,93.37999999999998,80.9,95.8,12273996000.0
1085,0.0,0.010605881921947002,12073876500,93.37999999999998,80.9,95.8,12273996000.0
1086,0.0,0.00728704035282135,12084994250,93.37999999999998,80.9,95.8,12273996000.0
1087,0.0,0.007131899241358042,12096112000,93.37999999999998,80.9,95.8,12273996000.0
1088,0.0,0.004576680716127157,12107229750,93.37999999999998,80.9,95.8,12273996000.0
1089,0.0,0.008390198461711407,12118347500,93.37999999999998,80.9,95.8,12273996000.0
1090,0.0,0.006144517567008734,12129465250,93.37999999999998,80.9,95.8,12273996000.0
1091,0.0,0.0079550975933671,12140583000,93.37999999999998,80.9,95.8,12273996000.0
1092,0.0,0.006899639964103699,12151700750,93.37999999999998,80.9,95.8,12273996000.0
1093,0.0,0.006279654800891876,12162818500,93.37999999999998,80.9,95.8,12273996000.0
1094,0.0,0.008432730101048946,12173936250,93.37999999999998,80.9,95.8,12273996000.0
1095,0.0,0.006084015127271414,12185054000,93.37999999999998,80.9,95.8,12273996000.0
1096,0.0,0.0049360087141394615,12196171750,93.37999999999998,80.9,95.8,12273996000.0
1097,0.0,0.006943428423255682,12207289500,93.37999999999998,80.9,95.8,12273996000.0
1098,0.0,0.005553493741899729,12218407250,93.37999999999998,80.9,95.8,12273996000.0
1099,0.0,0.009186675772070885,12229525000,93.37999999999998,80.9,95.8,12273996000.0
1100,0.0,0.010057306848466396,12240642750,93.37999999999998,80.9,95.8,12273996000.0
1101,0.0,0.015925327315926552,12251760500,93.37999999999998,80.9,95.8,12273996000.0
1102,0.0,0.013666927814483643,12262878250,93.37999999999998,80.9,95.8,12273996000.0
1103,0.0,0.01828080043196678,12273996000,94.86999999999998,90.8,95.6,12529704250.0
1104,0.0,0.015347260050475597,12285113750,94.86999999999998,90.8,95.6,12529704250.0
1105,0.0,0.015850795432925224,12296231500,94.86999999999998,90.8,95.6,12529704250.0
1106,0.0,0.019660314545035362,12307349250,94.86999999999998,90.8,95.6,12529704250.0
1107,0.0,0.019907981157302856,12318467000,94.86999999999998,90.8,95.6,12529704250.0
1108,0.0,0.023197149857878685,12329584750,94.86999999999998,90.8,95.6,12529704250.0
1109,0.0,0.0209818035364151,12340702500,94.86999999999998,90.8,95.6,12529704250.0
1110,0.0,0.017320189625024796,12351820250,94.86999999999998,90.8,95.6,12529704250.0
1111,0.0,0.018327560275793076,12362938000,94.86999999999998,90.8,95.6,12529704250.0
1112,0.0,0.016670456156134605,12374055750,94.86999999999998,90.8,95.6,12529704250.0
1113,0.0,0.014945179224014282,12385173500,94.86999999999998,90.8,95.6,12529704250.0
1114,0.0,0.01430860161781311,12396291250,94.86999999999998,90.8,95.6,12529704250.0
1115,0.0,0.011935831978917122,12407409000,94.86999999999998,90.8,95.6,12529704250.0
1116,0.0,0.012612191028892994,12418526750,94.86999999999998,90.8,95.6,12529704250.0
1117,0.0,0.011411732994019985,12429644500,94.86999999999998,90.8,95.6,12529704250.0
1118,0.0,0.01169214304536581,12440762250,94.86999999999998,90.8,95.6,12529704250.0
1119,0.0,0.01461820024996996,12451880000,94.86999999999998,90.8,95.6,12529704250.0
1120,0.0,0.010799327865242958,12462997750,94.86999999999998,90.8,95.6,12529704250.0
1121,0.0,0.013338510878384113,12474115500,94.86999999999998,90.8,95.6,12529704250.0
1122,0.0,0.011894180439412594,12485233250,94.86999999999998,90.8,95.6,12529704250.0
1123,0.0,0.010581434704363346,12496351000,94.86999999999998,90.8,95.6,12529704250.0
1124,0.0,0.009640518575906754,12507468750,94.86999999999998,90.8,95.6,12529704250.0
1125,0.0,0.010600765235722065,12518586500,94.86999999999998,90.8,95.6,12529704250.0
1126,0.0,0.008539908565580845,12529704250,95.29999999999998,94.5,96.0,12785412500.0
1127,0.0,0.007985836826264858,12540822000,95.29999999999998,94.5,96.0,12785412500.0
1128,0.0,0.006523179356008768,12551939750,95.29999999999998,94.5,96.0,12785412500.0
1129,0.0,0.005060199648141861,12563057500,95.29999999999998,94.5,96.0,12785412500.0
1130,0.0,0.005743566434830427,12574175250,95.29999999999998,94.5,96.0,12785412500.0
1131,0.0,0.004802938085049391,12585293000,95.29999999999998,94.5,96.0,12785412500.0
1132,0.0,0.00879389327019453,12596410750,95.29999999999998,94.5,96.0,12785412500.0
1133,0.0,0.0048607103526592255,12607528500,95.29999999999998,94.5,96.0,12785412500.0
1134,0.0,0.006452880799770355,12618646250,95.29999999999998,94.5,96.0,12785412500.0
1135,0.0,0.006949630565941334,12629764000,95.29999999999998,94.5,96.0,12785412500.0
1136,0.0,0.007126722484827042,12640881750,95.29999999999998,94.5,96.0,12785412500.0
1137,0.0,0.008402680046856403,12651999500,95.29999999999998,94.5,96.0,12785412500.0
1138,0.0,0.011354870162904263,12663117250,95.29999999999998,94.5,96.0,12785412500.0
1139,0.0,0.013446064665913582,12674235000,95.29999999999998,94.5,96.0,12785412500.0
1140,0.0,0.010546659119427204,12685352750,95.29999999999998,94.5,96.0,12785412500.0
1141,0.0,0.007719115354120731,12696470500,95.29999999999998,94.5,96.0,12785412500.0
1142,0.0,0.008154168725013733,12707588250,95.29999999999998,94.5,96.0,12785412500.0
1143,0.0,0.009023318998515606,12718706000,95.29999999999998,94.5,96.0,12785412500.0
1144,0.0,0.011517588049173355,12729823750,95.29999999999998,94.5,96.0,12785412500.0
1145,0.0,0.006186055950820446,12740941500,95.29999999999998,94.5,96.0,12785412500.0
1146,0.0,0.007229375187307596,12752059250,95.29999999999998,94.5,96.0,12785412500.0
1147,0.0,0.005375986453145742,12763177000,95.29999999999998,94.5,96.0,12785412500.0
1148,0.0,0.007656706962734461,12774294750,95.29999999999998,94.5,96.0,12785412500.0
1149,0.0,0.005183369852602482,12785412500,96.722,96.00999999999999,97.2,12785412500.0
